{
  "الموضوعات": [
    {
      "العنوان": "ما هي المستندات الأساسية المطلوبة للتسجيل؟",
      "النص": "- صورة الرقم القومي للعائل (سارية - وجهين)\n- صورة الرقم القومي لأفراد الأسرة (سارية - وجهين)\n- شهادة الميلاد مميكنة للأبناء القاصرين تحت سن 15 سنة\n- أصل قيد عائلي مميكن \"إن تطلب الأمر\"\n- صورة وثيقة الزواج مميكنة"
    },
    {
      "العنوان": "ما هي المستندات الأساسية المطلوبة للتسجيل في الحالات الخاصة؟",
      "النص": "- صورة وثيقة الطلاق مميكنة\n- قرار محكمة بحضانة الأم للأبناء في حالة الطلاق\n- صورة وثيقة الوفاة مميكنة\n- قرار محكمة بالوصاية الشرعية على الأبناء في حالة الطلاق أو الوفاة\n- قرار محكمة بالطلاق في حالة الهجر\n- بحث اجتماعي لغير القادرين\n- صورة من بطاقة تكافل / كرامة من التضامن الاجتماعي مع الاطلاع على الأصل\n- إفادة من التضامن الاجتماعي بالحصول على إحدى معاشات التضامن الاجتماعي\n- صورة من بطاقة الأسر البديلة وصورة عقد الكفالة مع الاطلاع على الأصل في حالة الأسر البديلة\n- إفادة من مصلحة السجون في حالة أن العائل أو أحد أفراد الأسرة مسجون\n- إفادة من القوات المسلحة بأن العائل وأسرته لا ينتفعون بالخدمات الطبية بالقوات المسلحة\n- إفادة من السفارة في حالات الهجرة خارج مصر لأحد أفراد الأسرة\n- صورة من جواز السفر وعقد العمل بالخارج في حالة أن أحد أفراد الأسرة يعمل بخارج مصر\n- صورة بطاقة التجنيد أو إفادة من وحدة التجنيد التابع لها والموضحة به تاريخ بدء ونهاية التجنيد"
    },
    {
      "العنوان": "ما هي مستندات الدخل الأساسية المطلوبة للتسجيل؟",
      "النص": "- مفردات مرتب للموظف في القطاع الحكومي والقطاع الخاص\n- بيان بالمعاش العسكري من القوات المسلحة\n- إقرار صاحب العمل بالسداد في حالة الموظف\n- إقرار ضريبي من مصلحة الضرائب في حالة العمالة الحرة"
    },
    {
      "العنوان": "ما هو نظام التأمين الصحي الشامل؟",
      "النص": "هو نظام تكافلي اجتماعي (أسري) تُقدم من خلاله خدمات طبية ذات جودة عالية لجميع فئات المجتمع دون تمييز، وتتكفل الدولة بالسداد عن غير القادرين من الخزانة العامة للدولة. الأسرة هي وحدة التغطية بالمنظومة."
    },
    {
      "العنوان": "ما هي شروط الانتفاع بخدمات التأمين الصحي الشامل؟",
      "النص": "وفقًا للمادة 48 من قانون 2 لسنة 2018، فيما عدا حالات الطوارئ، يشترط للانتفاع بخدمات التأمين الصحي الشامل أن يكون المنتفع مشتركًا في النظام ومسددًا للاشتراكات بدءًا من تاريخ سريان أحكام القانون على المحافظة التي يتبعها المستفيد. في حالة عدم الاشتراك أو التخلف عن السداد، يشترط لسريان التغطية سداد الاشتراكات المتأخرة دفعة واحدة أو بالتقسيط. لا يسري هذا الشرط على العاملين بالجهاز الإداري للدولة والهيئات العامة والقطاع العام وقطاع الأعمال العام وأصحاب المعاشات والقطاع الخاص الخاضع لقوانين التأمين الاجتماعي، في حالة تخلف صاحب العمل عن توريد الاشتراكات. الفصل في وجود مديونية من عدمه هو شأن الإدارة العامة المالية."
    },
    {
      "العنوان": "هل يوجد استثناء من تطبيق نظام التأمين الصحي الشامل؟",
      "النص": "وفقًا للمادة الأولى من قانون 2 لسنة 2018، تسري أحكام القانون إلزاميًا على جميع المواطنين المقيمين داخل جمهورية مصر العربية، واختياريًا على المصريين العاملين بالخارج وكذلك المقيمين مع أسرهم بالخارج. وتسري قواعد التأمين الصحي والرعاية الطبية المقررة بالقوات المسلحة على أفرادها بالخدمة أو بالمعاش وأسرهم المقرر علاجهم على نفقتها."
    },
    {
      "العنوان": "هل يطبق نظام التأمين الصحي الشامل إذا كان العائل من المصريين العاملين بالخارج؟",
      "النص": "التأمين الصحي الشامل اختياري للمصريين العاملين بالخارج، ويتم تسجيل الزوجة كعائل للأسرة، وتسجيل الأبناء مع الأم، مع تسليم مستندات دخل الزوج + صورة جواز السفر + صورة إقامة الزوج لحساب نسب الاشتراكات من الإدارة العامة المالية."
    },
    {
      "العنوان": "هل يطبق نظام التأمين الصحي الشامل على المصريين العاملين هم وأسرهم بالخارج؟",
      "النص": "نعم، التأمين الصحي الشامل اختياري للمصريين العاملين بالخارج وكذلك المقيمين مع أسرهم بالخارج. يتم الانتفاع بالتغطية التأمينية عند التواجد داخل مصر."
    },
    {
      "العنوان": "ما هي الخدمات الصحية التي لا يشملها نظام التأمين الصحي الشامل؟",
      "النص": "خدمات الصحة العامة، الصحة النفسية، الخدمات الوقائية، الخدمات الإسعافية، خدمات تنظيم الأسرة والتطعيمات، والخدمات الصحية الخاصة بتغطية الكوارث والأوبئة. وتلتزم الدولة بتقديم هذه الخدمات بالمجان."
    },
    {
      "العنوان": "هل يطبق التأمين الصحي الشامل على الجهات التي لها تأمين صحي خاص مثل الضرائب والجمارك والكهرباء والبنوك، وهيئة قناة السويس؟",
      "النص": "نعم، لكونه إلزاميًا وإجباريًا على جميع المواطنين. ووفقًا للمادة 10 من قانون التأمين الصحي الشامل رقم 2 لسنة 2018، تلتزم هيئة التأمين الصحي الشامل بشراء الخدمة الصحية لأصحاب نظم التأمين أو البرامج الصحية الخاصة سواء كانت الخدمة مقدمة بمستشفيات هيئة الرعاية الصحية أو بمستشفيات تلك النظم، وذلك وفقًا لنظم التعاقد والأسعار والضوابط والإجراءات الخاصة بهيئة التأمين الصحي الشامل، وأيضًا معايير الجودة التي تحددها هيئة الاعتماد والرقابة الصحية."
    },
    {
      "العنوان": "ما هو موقف المجندين إلزامي وأسرهم من الانتفاع بخدمات التأمين الصحي الشامل؟",
      "النص": "وفقًا للمادة 53، يوقف سريان أحكام النظام بالنسبة للمجند تجنيدًا إلزاميًا بالقوات المسلحة طوال مدة التجنيد أو الاستبقاء أو الاستدعاء. وتبين اللائحة التنفيذية أحكام استفادة أسر المجندين، كما يجوز أن تتضمن حكمًا بإعفائهم من الاشتراكات طوال هذه المدة. \n- إذا كان العائل هو المجند، تُعفى أسرته إلزاميًا.\n- إذا كان المجند أحد أفراد الأسرة، يُعفى عن نفسه فقط.\nيشترط أن يكون المجند مسددًا للاشتراك حتى التحاقه بالخدمة العسكرية، وتُسدد المساهمات عند تلقي الخدمات، بينما تتحمل الخزانة العامة تكلفة التأمين الصحي عن أسرته."
    },
    {
      "العنوان": "هل كارت الخدمات المتكاملة (ذوي القدرات الخاصة) يعفي من سداد الاشتراك؟",
      "النص": "لا يتم الإعفاء من سداد الاشتراك لأنه ليس من فئات غير القادرين وغير مستحق لأحد معاشات التضامن الاجتماعي."
    },
    {
      "العنوان": "ما هي نسب اشتراكات غير القادرين في نظام التأمين الصحي الشامل؟",
      "النص": "تلتزم الخزانة العامة بسداد الاشتراك والمساهمات عن فئات غير القادرين، وكذلك كل فرد من أفراد الأسرة المعالين."
    },
    {
      "العنوان": "ما هو المستند المطلوب لتسجيل حالات مهجوري العائل؟",
      "النص": "يشترط توافر حكم محكمة بالهجر بناءً على محضر هجر."
    },
    {
      "العنوان": "كيف يتم تسجيل حالات الزواج تحت السن؟",
      "النص": "يظل كل من الزوج والزوجة على ملف أولياء أمورهم لحين إثبات الزواج بقسيمة زواج مميكنة حديثة، وتسجيل الأبناء الناتجين عن هذا الزواج على ملف الجد من الأب."
    },
    {
      "العنوان": "كيف يتم التسجيل في حالة الزوج غير المصري والزوجة مصرية والأبناء حاصلين على الجنسية المصرية؟",
      "النص": "- يتم تسجيل الزوجة والأبناء.\n- يشترط تقديم صورة جواز سفر الزوج (ساري).\n- مستند يثبت دخل الزوج."
    },
    {
      "العنوان": "ما هو المستند المطلوب لتسجيل الأبناء في حالة وفاة العائل؟",
      "النص": "يشترط تقديم شهادة الوفاة + قرار وصاية لتحديد العائل الجديد."
    },
    {
      "العنوان": "ما هو المستند المطلوب في حالة وفاة أحد أفراد الأسرة؟",
      "النص": "شهادة وفاة للمتوفي."
    },
    {
      "العنوان": "كيف يتم تسجيل المغترب بكافة المحافظات؟ وفي حالة المغترب بمحافظة جنوب سيناء؟",
      "النص": "يشترط أن تكون الإقامة لغرض العمل والتأمينات بنفس المحافظة، مع تقديم إقرار صاحب عمل + إثبات إقامة بالمحافظة.\nيتم استخراج بطاقة فردية لمدة 12 شهر + إفادة، وتسجيل البيانات بملف Excel مع حفظ المستندات ورقيًا.\nإذا كان المواطن موظفًا ومؤمنًا عليه بمحافظة جنوب سيناء، يتم إتاحة التسجيل له ولأسرته بعد إثبات إقامة الأسرة والانضمام للمدارس."
    },
    {
      "العنوان": "ما هي الشروط اللازمة لنقل المستفيد من وحدة الرعاية الأولية التابعة له إلى وحدة أخرى؟",
      "النص": "- رغبة المستفيد.\n- وجود سعة استيعابية بالوحدة المنقول إليها.\n- خطاب نقل من وحدة لأخرى.\n- إلغاء الملف من الوحدة المنقول منها."
    },
    {
      "العنوان": "ما هو المستند المطلوب لنقل المستفيد من محافظة لمحافظة أخرى؟",
      "النص": "يشترط تقديم إفادة غلق الملف من المحافظة المنقول منها."
    },
    {
      "العنوان": "ما هي مستندات الدخل المطلوبة لتسجيل العمالة الحرة؟ (مثل المحامي الحر والطبيب الحر)",
      "النص": "يشترط تقديم إقرار ضريبي."
    },
    {
      "العنوان": "ما هي المستندات المطلوبة لتسجيل الأم والأبناء المقيمين بمحافظة التطبيق والزوج يعمل خارج مصر؟",
      "النص": "- صورة بطاقة الإقامة بالخارج للزوج.\n- صورة جواز سفر الزوج (ساري).\n- إثبات دخل للزوج (العائل)."
    },
    {
      "العنوان": "كيف يتم تسجيل الأسرة في حالة أن العائل متزوج من زوجتين في نفس محافظة التطبيق؟",
      "النص": "يتم تسجيل الزوجتين على نفس ملف الزوج، وربط العائل بالزوجتين وأبنائهما على نفس وحدة طب الأسرة طبقًا لمحل إقامة العائل."
    },
    {
      "العنوان": "كيف يتم تسجيل أسرة المسجون؟",
      "النص": "- يتم تسجيل الزوجة كعائل للأسرة لحين انتهاء فترة السجن.\n- يشترط توفر إفادة من مصلحة السجون."
    },
    {
      "العنوان": "ما هو المستند المطلوب لتسجيل أسرة المجند؟",
      "النص": "كارت التجنيد أو إفادة موضح بها تاريخ بداية ونهاية التجنيد."
    },
    {
      "العنوان": "ما هي المستندات المطلوبة لتسجيل الحالات المستحقة لأحد معاشات التضامن الاجتماعي (تكافل وكرامة)؟",
      "النص": "- إفادة من التضامن الاجتماعي بأسماء المنتفعين من الأسرة.\n- بطاقة تكافل / كرامة مع الاطلاع على الأصل."
    },
    {
      "العنوان": "ما هو المستند المطلوب لاستخراج بدل فاقد لبطاقة التأمين الصحي الشامل؟",
      "النص": "محضر فقد بقسم الشرطة."
    },
    {
      "العنوان": "كيف يتم تسجيل حاملي بطاقة رقم قومي محافظة شمال سيناء المقيمين بمحافظات التطبيق المختلفة ما عدا محافظة جنوب سيناء؟",
      "النص": "يتم تسجيلهم بمحافظة الإسماعيلية."
    },
    {
      "العنوان": "هل يتم إصدار خطاب إحالة واحد فقط للمريض في المرة الواحدة؟",
      "النص": "لا، يمكن إصدار أكثر من خطاب إحالة للمريض في المرة الواحدة في حالة أن المريض سوف يتم إحالته لأكثر من خدمة لمقدمي خدمة مختلفين."
    },
    {
      "العنوان": "ما هي الجهات التي يمكن أن يُحال إليها المريض؟",
      "النص": "يمكن إحالة المريض إلى إحدى الجهات المتعاقدة مع الهيئة طبقًا لرغبة المريض أو الجهات التابعة لبروتوكول التأمين الصحي، وكذلك إلى الجهات غير المتعاقدة في حال تعذر وجود الخدمة لدى إحدى الجهات المتعاقدة."
    },
    {
      "العنوان": "هل يتم إحالة المريض بشكل مباشر أم بعد تنسيق مسبق؟",
      "النص": "لا يتم إحالة المريض إلا بعد تنسيق مسبق من قبل الإدارة العامة لمقدمي الخدمة مع الجهة المحال إليها المريض."
    },
    {
      "العنوان": "ما هي مدة صلاحية خطاب الإحالة؟",
      "النص": "خطاب الإحالة صالح لمدة 14 يومًا من تاريخ الإصدار."
    },
    {
      "العنوان": "هل يشترط وجود خطاب إحالة في الحالات الطارئة؟",
      "النص": "لا يشترط وجود خطاب إحالة في الحالات الطارئة، حيث يتم حجز المريض لدى أقرب مقدم خدمة، ثم يتم إحضار تقرير طبي خلال 48 ساعة من دخول المستشفى."
    },
    {
      "العنوان": "هل يتم إصدار موافقات مسبقة لأي خدمة/دواء دون الاطلاع على حزم الخدمات أو الأدوية المدرجة بقوائم الموافقات المسبقة؟",
      "النص": "يتم إصدار الموافقات المسبقة فقط للأدوية أو الخدمات التي تندرج ضمن قوائم الموافقات المسبقة، وليس لكافة الأدوية أو الخدمات."
    },
    {
      "العنوان": "هل يتم إصدار الموافقات المسبقة لأي أدوية يقوم مقدم الخدمة بطلبها أو غير مسجلة بهيئة الدواء المصرية؟",
      "النص": "يتم إصدار الموافقات المسبقة فقط للأدوية المسجلة والمعتمدة من هيئة الدواء المصرية، وطبقًا للبروتوكولات العلاجية المعتمدة والمدرجة بقوائم الموافقات المسبقة للأدوية."
    },
    {
      "العنوان": "هل ينتهي دور الإدارة العامة لشئون المرضى بإصدار قرار الموافقة المسبقة فقط؟",
      "النص": "لا، يتم متابعة المرضى حول تلقيهم للخدمات بعد إصدار الموافقات المسبقة للأدوية أو الخدمات المدرجة بقوائم الموافقات."
    },
    {
      "العنوان": "في حالة تلقي المستفيد خدمات من مقدم خدمة داخل محافظة تطبيق غير المسجل عليها، من أي فرع يتم الحصول على الموافقة المسبقة؟",
      "النص": "يتم إصدار الموافقات المسبقة من الفرع الأقرب لمقدم الخدمة، ويتم إرسال صورة من الملف الطبي والموافقة المسبقة إلى الفرع التابع له المستفيد لمنع تكرار إصدار الموافقات لنفس الخدمة."
    },
    {
      "العنوان": "في حالة طلب موافقة مسبقة لدواء داخل قائمة الأدوية المحدثة ولكنه غير مطابق للتشخيص المذكور، هل يتم الموافقة عليه؟",
      "النص": "لا يتم الموافقة على الدواء إلا بالاستخدام الموصى به في قائمة الأدوية المحدثة المعتمدة والمعممة من قبل وحدة اقتصاديات الصحة. ويتم الرد على مقدمي الخدمة بأن الدواء المطلوب غير مطابق للتشخيص طبقًا للقائمة."
    },
    {
      "العنوان": "هل يتم إصدار الموافقات المسبقة للأدوية بالاسم التجاري؟",
      "النص": "لا، يتم إصدار الموافقات المسبقة بالاسم العلمي المدرج في قائمة أدوية الهيئة العامة للتأمين الصحي الشامل، وطبقًا للقواعد العامة لصرف وتداول الأدوية المعممة مع قائمة الأدوية المحدثة."
    },
    {
      "العنوان": "هل يتم إصدار خطاب إحالة واحد فقط للمريض في المرة الواحدة؟",
      "النص": "لا، يمكن إصدار أكثر من خطاب إحالة للمريض في المرة الواحدة في حالة أن المريض سوف يتم إحالته بأكثر من خدمة لمقدمي خدمة مختلفين"
    },
    {
      "العنوان": "ما هي الجهات التي يمكن أن يُحال إليها المريض؟",
      "النص": "يمكن إحالة المريض إلى إحدى الجهات المتعاقدة مع الهيئة طبقًا لرغبة المريض أو الجهات التابعة لبروتوكول التأمين الصحي أو الجهات غير المتعاقدة في حال تعذر وجود الخدمة لدى إحدى الجهات المتعاقدة"
    },
    {
      "العنوان": "هل يتم إحالة المريض بشكل مباشر أم بعد تنسيق مسبق؟",
      "النص": "لا يتم إحالة المريض إلا بعد تنسيق مسبق من قبل إدارة مقدمي الخدمة مع الجهة المحال إليها المريض"
    },
    {
      "العنوان": "ما هي مدة صلاحية خطاب الإحالة؟",
      "النص": "خطاب الإحالة صالح لمدة 14 يوم من تاريخ الإصدار"
    },
    {
      "العنوان": "هل يشترط وجود خطاب إحالة في الحالات الطارئة؟",
      "النص": "لا يشترط وجود خطاب إحالة في الحالات الطارئة حيث يتم حجز المريض لدى أقرب مقدم خدمة ثم يتم إحضار تقرير طبي في خلال 48 ساعة من دخول المستشفى"
    },
    {
      "العنوان": "شكاوى خاصة بعدم ظهور بيانات العائل أو أحد أفراد أسرته أو وجود خطأ بها على تطبيق التأمين الصحي الشامل",
      "النص": "يقوم موظف مركز الاتصال بالتواصل مع المستفيد ويتم توجيهه إلى المنفذ المربوط عليه\nفي حالة عدم ظهور بيانات العائل على التطبيق ولكن مستنداته تفيد أحقيته بالتغطية التأمينية لا يتم تسليمه بطاقة التأمين الصحي الشامل ويتم عمل الآتي:\nيقوم العائل بتقديم قيد عائلي، ثم يقوم أخصائي المنفذ بمراجعة مستندات المستفيد واستخراج إفادة بالمرة الواحدة للعائل ويجدد حتى يتم إدراجه على تطبيق التأمين الصحي الشامل\nفي حالة عدم ظهور بيانات أحد أفراد أسرته أو وجود خطأ بها:\nيقوم العائل بتقديم قيد عائلي يثبت التكوين الأسري ثم يقوم أخصائي المنفذ بمراجعة مستندات المستفيد ثم يقوم بعمل إفادة تغطية تأمينية لمدة شهرين لفرد الأسرة الذي لم تظهر بياناته ويجدد حتى يتم إدراجه على التطبيق\nيقوم المستفيد بكتابة شكوى على نموذج الشكاوى بشأن عدم ظهور بياناته أو وجود خطأ بها على تطبيق التأمين الصحي الشامل ويرفق بها الرقم القومي للمستفيد. ويقوم أخصائي المنفذ بتجميع الشكاوى وإرسالها أسبوعيًا لإدارة المنافذ بالفرع\nيقوم مدير إدارة المنافذ بالفرع بإرسال شكاوى التسجيل أسبوعيًا لمدير إدارة خدمة العملاء بالفرع الذي يقوم برفعها لإدارة التسجيل والإصدار بالفرع"
    },
    {
      "العنوان": "شكاوى خاصة بتحديث البيانات أكثر من مرة ولم يتم التحديث (عدم تزامن بيانات المستفيدين وبيانات الربط على الوحدات وبيانات حالات الدفع النقدي بين تطبيق هيئة التأمين الصحي الشامل وتطبيق هيئة الرعاية الصحية)",
      "النص": "يقوم موظف مركز الاتصال بالتواصل مع المستفيد ويتم توجيهه إلى المنفذ المربوط عليه\nيقوم أخصائي المنفذ بعمل إفادة تغطية تأمينية لمدة شهرين للمستفيد لحين تحديث بياناته على تطبيق هيئة الرعاية"
    },
    {
      "العنوان": "شكاوى خاصة بالتحويل من وحدة رعاية أولية لوحدة أخرى",
      "النص": "يقوم موظف مركز الاتصال بالتواصل مع المستفيد ويتم توجيهه إلى المنفذ المربوط عليه\nإذا كانت مستندات المستفيد مطابقة مع قاعدة البيانات، يقوم أخصائي المنفذ بربط المستفيد على وحدة رعاية أولية طبقًا للتوزيع الجغرافي لمحل الإقامة المسجل في بطاقة الرقم القومي أو حسب رغبة المستفيد بشرط الطاقة الاستيعابية للوحدة المراد النقل إليها تسمح بذلك\nيتم عمل استثناء في حالة كبار السن وذوي الاحتياجات الخاصة\nفي حالة عدم تردد المستفيد، يقوم أخصائي المنفذ بنقل المستفيد لوحدة أخرى بعد الرجوع للوحدة لمراجعة الطاقة الاستيعابية ويقدم الاعتذار للمستفيد"
    },
    {
      "العنوان": "عدم تواجد أخصائي المنفذ في أوقات العمل",
      "النص": "يقوم موظف مركز الاتصال بالتواصل مع المستفيد ويتم توجيهه إلى إدارة خدمة العملاء بالفرع\nيتم الاعتذار للمستفيد\nيقوم المستفيد بكتابة شكوى مع تحديد اسم الوحدة واسم الموظف ووقت الزيارة\nيقوم موظف إدارة خدمة العملاء بالتواصل مع إدارة المنافذ للعمل على حل الشكوى وإبلاغ المستفيد بالحل عن طريق موظف إدارة خدمة العملاء\nتوضيح الإجراء الداخلي المتبع مع الموظف (إرسال الشكوى باسم الموظف إلى مدير الفروع، أو تحويل إلى الشئون القانونية، أو مذكرة) عن طريق إرسال بريد إلكتروني للإدارة المركزية"
    },
    {
      "العنوان": "معاملة غير لائقة من أخصائيين منافذ شئون المستفيدين",
      "النص": "يقوم موظف مركز الاتصال بالتواصل مع المستفيد ويتم توجيهه إلى إدارة خدمة العملاء بالفرع\nيتم الاعتذار للمستفيد\nيقوم المستفيد بكتابة شكوى مع تحديد اسم الوحدة واسم الموظف وتفاصيل المعاملة غير اللائقة ووقت الزيارة\nيقوم موظف إدارة خدمة العملاء بالتواصل مع إدارة المنافذ للعمل على حل الشكوى وإبلاغ المستفيد بالحل عن طريق موظف إدارة خدمة العملاء\nتوضيح الإجراء الداخلي المتبع مع الموظف (إرسال الشكوى باسم الموظف إلى مدير الفروع، أو تحويل إلى الشئون القانونية، أو مذكرة) عن طريق إرسال بريد إلكتروني للإدارة المركزية"
    },
    {
      "العنوان": "شكاوى المستفيدين بشأن تأخر الحصول على الخدمة واستلام خطاب التحويل",
      "النص": "يقوم موظف مركز الاتصال بالتواصل مع المستفيد ويتم توجيهه إلى إدارة خدمة العملاء بالفرع\nيقوم موظف إدارة خدمة العملاء بتلقي شكاوى المستفيدين بشأن تأخر الحصول على الخدمة واستلام خطاب التحويل\nيقوم موظف إدارة خدمة العملاء بالتواصل مع إدارة رضاء المنتفعين بالفرع واستعجال طلب التحويل\nيقوم موظف إدارة خدمة العملاء بتحرير خطاب الإحالة عند استلام طلب التحويل\nيتم المتابعة من خدمة العملاء بالفرع مع المستفيد أو أحد من ذويه لاستلام خطاب الإحالة"
    },
    {
      "العنوان": "شكاوى خاصة بخصم المعاشات",
      "النص": "يقوم موظف مركز الاتصال بالتواصل مع المستفيد ويتم توجيهه إلى إدارة خدمة العملاء بالفرع\nيقوم المستفيد بتقديم شكوى خاصة بنسب الخصم من المعاش إلى إدارة خدمة العملاء بالفرع\nيقوم موظف إدارة التسجيل والإصدار باستقبال الشكاوى الواردة من خدمة العملاء الخاصة بخصم المعاشات\nيقوم المستفيد بتقديم قيد عائلي وبرنت تأميني له وللزوجة إن كانت تعمل والأبناء في حالة عملهم\nيتم العرض على لجنة فحص شكاوى الاشتراكات\nيقوم أخصائي التسجيل والإصدار بتحديث بيانات المستفيد على تطبيق التأمين الصحي الشامل\nيتم العرض بما انتهت إليه اللجنة على الإدارة المركزية لشئون المستفيدين\nتقوم الإدارة المركزية بإخطار التأمينات الاجتماعية، وفي حالة تعديل التأمينات الاجتماعية لنسب اشتراك التأمين الصحي الشامل لصاحب المعاش، يتقدم صاحب المعاش بطلب استرداد المبالغ المستحقة له، وذلك في حالة أن الاستقطاع أكثر من المبالغ المستحقة"
    },
    {
      "العنوان": "شكاوى استرداد نقدي",
      "النص": "يقوم موظف مركز الاتصال بالتواصل مع المستفيد ويتم توجيهه إلى إدارة خدمة العملاء بالفرع\nيقوم موظف إدارة خدمة العملاء بتلقي شكاوى المستفيدين بشأن استرداد النفقات\nيقوم موظف إدارة خدمة العملاء بالتواصل مع إدارة المطالبات للعمل على حل الشكوى وإبلاغ المستفيد بالحل عن طريق موظف إدارة خدمة العملاء\nاسترداد النفقات يكون طبقًا للوائح والأسعار المتفق عليها طبقًا للوائح وأسعار التأمين الصحي الشامل\nيتم رفض استرداد النفقات للمستفيد في الحالات غير الطارئة"
    },
    {
      "العنوان": "شكاوى خاصة بعدم ظهور البيانات على تطبيق الحجز بهيئة الرعاية",
      "النص": "عدم تزامن بيانات المستفيدين وبيانات الربط على الوحدات وبيانات حالات الدفع النقدي بين تطبيق هيئة التأمين الصحي الشامل وتطبيق هيئة الرعاية الصحية\nيتم التواصل مع المستفيد وتوجيهه إلى المنفذ المربوط عليه ويتم توضيح المستندات المطلوبة لتحديث بيانات العائل والأسرة\nفي حالة أن المستفيد تم تسجيله على وحدة أخرى ولم يظهر ذلك على تطبيق الحجز بهيئة الرعاية، يقوم موظف مركز الاتصال بالتواصل مع المستفيد ويتم توجيهه إلى المنفذ المربوط عليه\nيقوم أخصائي المنفذ بعمل إفادة تغطية تأمينية لمدة شهرين للمستفيد لحين تحديث بياناته على تطبيق هيئة الرعاية"
    },
    {
      "العنوان": "شكاوى المستفيدين المقدمة ضد مقدمي الخدمة",
      "النص": "يقوم موظف مركز الاتصال بالتواصل مع المستفيد ويتم توجيهه إلى إدارة خدمة العملاء بالفرع\nيقوم موظف إدارة خدمة العملاء بتلقي شكاوى المستفيدين ضد مقدمي الخدمة\nيقوم موظف إدارة خدمة العملاء بالتواصل مع إدارة مقدمي الخدمة للعمل على حل المشكلة وإبلاغ المستفيد بالحل عن طريق موظف إدارة خدمة العملاء\nيتم إعطاء المستفيد رقم مسئول التواصل بإدارة خدمة العملاء في حال إيجاد أي مشكلة تواجهه مع مقدم الخدمة"
    },
	{
      "العنوان": "شكاوى المستفيدين بشأن طلب خدمة طبية / دوائية غير مدرجة بحزم خدمات الهيئة",
      "النص": "يقوم موظف مركز الاتصال بالتواصل مع المستفيد ويتم توجيهه إلى إدارة خدمة العملاء بالفرع\nيقوم موظف إدارة خدمة العملاء بتلقي شكاوى المستفيدين بشأن طلب خدمة طبية / دوائية غير مدرجة بحزم خدمات الهيئة\nفي حالة مقدم خدمة يتبع هيئة الرعاية:\nيقوم موظف إدارة خدمة العملاء بالتواصل مع إدارة رضاء المنتفعين ثم مقدم الخدمة وذلك لأخذ رأي طبي آخر والالتزام بحزم خدمات الهيئة\nفي حالة مقدم خدمة لا يتبع هيئة الرعاية:\nيقوم موظف إدارة خدمة العملاء بالتواصل مع مقدم الخدمة مباشرة وذلك لأخذ رأي طبي آخر والالتزام بحزم خدمات الهيئة"
    },
    {
      "العنوان": "شكاوى الموافقات المسبقة الخاصة بتأخر وصول مستندات المستفيد الطبية",
      "النص": "يقوم موظف مركز الاتصال بالتواصل مع المستفيد ويتم توجيهه إلى إدارة خدمة العملاء بالفرع\nيقوم موظف شئون المرضى باستقبال الشكاوى الواردة من خدمة العملاء الخاصة بالموافقات المسبقة للعمل على حلها وإبلاغ المستفيد بالحل عن طريق موظف إدارة خدمة العملاء\nفي حال مقدم الخدمة داخل هيئة الرعاية:\nيقوم موظف شئون المرضى بإرسال بريد إلكتروني لمقدم الخدمة بهيئة الرعاية يطلب منه إرسال مستندات المستفيد الطبية المطلوبة\nفي حال أن مقدم الخدمة من خارج هيئة الرعاية سواء كان متعاقد أو غير متعاقد:\nيقوم موظف شئون المرضى برد ملف المستفيد لموظف خدمة العملاء مع تحديد المستندات المطلوبة\nيقوم موظف خدمة العملاء بالتواصل مع المستفيد لاستكمال مستنداته الطبية من مقدم الخدمة"
    },
    {
      "العنوان": "الشكاوى المتعلقة بتأخر إصدار الموافقات المسبقة",
      "النص": "يقوم موظف مركز الاتصال بالتواصل مع المستفيد ويتم توجيهه إلى إدارة خدمة العملاء بالفرع\nيقوم موظف شئون المرضى باستقبال الشكاوى الواردة من خدمة العملاء الخاصة بالموافقات المسبقة للعمل على حلها وإبلاغ المستفيد بالحل عن طريق موظف إدارة خدمة العملاء\nيقوم مدير إدارة شئون المرضى بالتنبيه على موظفي الإدارة بضرورة إصدار الموافقات المسبقة في خلال 48 ساعة، يستثنى منها الإجازات والعطلات الرسمية"
    },
    {
      "العنوان": "الشكاوى المتعلقة بتأخر تقديم الخدمة بعد إصدار الموافقة المسبقة",
      "النص": "يقوم موظف مركز الاتصال بالتواصل مع المستفيد ويتم توجيهه إلى إدارة خدمة العملاء بالفرع\nيقوم موظف شئون المرضى باستقبال الشكاوى الواردة من خدمة العملاء الخاصة بالموافقات المسبقة للعمل على حلها وإبلاغ المستفيد بالحل عن طريق موظف إدارة خدمة العملاء\nيقوم موظف إدارة شئون المرضى بالمتابعة مع مقدم الخدمة بهيئة الرعاية للتأكد من تقديم الخدمة للمستفيد\nيقوم موظف خدمة العملاء بالمتابعة مع مقدم الخدمة خارج هيئة الرعاية للتأكد من تقديم الخدمة للمستفيد"
    },
    {
      "العنوان": "هل يمكن لأفراد القوات المسلحة بالخدمة أو المعاش وأسرهم المقرر علاجهم على نفقتها الانتفاع بخدمات التأمين الصحي الشامل؟",
      "النص": "ينتفع أفراد القوات المسلحة وأسرهم (العاملين / بالمعاش) بخدمات التأمين الصحي الشامل في حالة عدم انتفاعهم بقواعد التأمين الصحي والرعاية الطبية بالقوات المسلحة."
    },
    {
      "العنوان": "هل يحق للمستفيد الامتناع عن سداد اشتراك التأمين الصحي الشامل أو المديونية المستحقة عليه في حالة عدم طلبه أي خدمات طبية؟",
      "النص": "لا، ويجب التوضيح للمستفيد أن التأمين الصحي الشامل إلزامي على جميع المواطنين قاطني محافظات التطبيق، وأن سداد الاشتراكات لا يعتبر قيمة مقابل خدمة، ولكنه قيمة مقابل التمتع بتغطية تأمينية للأسرة تضمن له تقديم الخدمة الطبية في أي وقت."
    },
    {
      "العنوان": "كيف يتم تسجيل الأسرة في حالة أن عنوان إقامة العائل بإحدى محافظات التطبيق وأسرته تقيم في محافظة خارج نطاق محافظات التطبيق؟",
      "النص": "التسجيل في منظومة التأمين الصحي الشامل أسري، وأن الزوجة والأولاد يتبعون محل إقامة الزوج المدون ببطاقة الرقم القومي. تنتفع الأسرة بالكامل بمستويات الرعاية الصحية الثلاثة في المحافظة المربوطين عليها. تنتفع الزوجة والأبناء بالمستوى الثاني والثالث فقط في المحافظة المقيمين بها خارج نطاق التطبيق، وذلك عن طريق خطابات إحالة من إدارة خدمة العملاء بالمحافظة المربوطين عليها."
    },
    {
      "العنوان": "كيف يتم تسجيل الأسرة في حالة أن محل إقامة العائل خارج محافظات التطبيق ومحل إقامة أسرته داخل محافظة التطبيق؟",
      "النص": "يقوم موظف التسجيل والإصدار بالتنبيه على المستفيد بضرورة تعديل محل الإقامة في بطاقة الرقم القومي إلى محافظة التطبيق (محل الإقامة الفعلي للأسرة)، حتى يتمكن من تسجيل نفسه وأسرته على تطبيق التأمين الصحي الشامل. في حالة أن الزوجة تعمل ومؤمن عليها، يتم إصدار إفادة تغطية تأمينية لمرة واحدة."
    },
    {
      "العنوان": "كيف يتم تسجيل المغترب؟",
      "النص": "تعريف المغترب: هو الشخص الذي يقيم بشكل مؤقت أو دائم في محافظة داخل نطاق التطبيق غير محافظته الأصلية خارج نطاق التطبيق، ويشترط لانتفاعه بالخدمة أن تكون إقامته فيها بشكل فردي لغرض العمل ومؤمن عليه في مكتب تأمينات داخل هذه المحافظة. يقوم موظف التسجيل والإصدار بربط المغترب على وحدة طب الأسرة القريبة من مكان عمله، واستخراج إفادة ورقية بأنه من المغتربين المنتفعين، وإصدار بطاقة تأمين صحي شامل فردي لمدة عام. في حالة أن المغترب في محافظة جنوب سيناء، يتم إصدار بطاقة تأمين صحي شامل أسري له في حال تواجد أسرته معه داخل المحافظة."
    },
    {
      "العنوان": "ما هي الإجراءات المطلوب اتباعها عند طلب خدمة طبية من مقدم خدمة خارج محافظات التطبيق؟",
      "النص": "يتوجه المستفيد أو أحد ذويه إلى إدارة خدمة العملاء بالفرع التابع له ويقوم بتقديم المستندات التالية: التقرير الطبي من الجهة المراد العلاج بها (يجب أن يحتوي على بيانات المستفيد، التاريخ المرضي، الخطة العلاجية، أثر الخدمة المطلوبة)، وأي مستندات إضافية. ثم يتم إصدار خطاب إحالة من إدارة خدمة العملاء بعد التنسيق مع إدارة مقدمي الخدمة."
    },
    {
      "العنوان": "ما هو التصرف المتبع عند اعتراض المستفيد على طلب بعض المستندات لتحديث بياناته؟",
      "النص": "يتم توجيه المستفيد لضرورة التوجه إلى المنفذ واستيفاء المستندات المطلوبة وفقًا للتكوين الأسري وتسليم مستندات الدخل حسب متطلبات الإدارة المالية."
    },
    {
      "العنوان": "ما هو الإجراء المطلوب اتباعه في حالة أن مقر عمل المستفيد خارج محافظة التطبيق ويريد أن تقوم جهة عمله بسداد اشتراك التأمين الصحي الشامل عنه؟",
      "النص": "يتم توجيه المستفيد إلى الإدارة المالية لمعرفة موقفه من السداد، مع ضرورة إبلاغه بأن الهيئة القومية للتأمين الاجتماعي تتيح الاستقطاع مركزيًا على مستوى كافة المحافظات."
    },
    {
      "العنوان": "ما هي الإجراءات المتبعة في حال شكوى المريض عن عدم الحصول على دواء أو خدمة خارج حزم الخدمات الخاصة بالهيئة العامة للتأمين الصحي الشامل؟",
      "النص": "يتم إرسال الشكوى للفرع التابع له المستفيد للتأكد من أنه من المستفيدين ويحمل بطاقة التأمين الصحي ويوجد ملف طبي له. ثم تتم المتابعة مع مقدم الخدمة للتأكد من صحة الإجراء والتشخيص وآليات الصرف. يتم رفع الملف إلى الإدارة المركزية لشئون المستفيدين للرد بالرفض أو القبول وإبلاغ المريض وغلق الشكوى."
    },
    {
      "العنوان": "ما هو الإجراء المتبع في حال شكوى المريض الخاصة بعدم صرف العقار أو عدم الحصول على الخدمة لدى مقدم الخدمة؟",
      "النص": "يتم إرسال الشكوى للفرع التابع له المستفيد للتحقق من صحتها، والتواصل مع مقدم الخدمة لمعرفة الأسباب. ثم التنسيق مع إدارة مقدمي الخدمة لإيجاد مقدم خدمة بديل في حال كانت الحالة طارئة، ويتم إبلاغ الشاكي وغلق الشكوى."
    },
    {
      "العنوان": "ما هو التصرف المتبع في حالة عدم توافر العلاج الخاص بالمستفيد؟",
      "النص": "تحول الشكوى للهيئة العامة للرعاية الصحية حيث أنها الجهة المعنية بتوفير الأدوية وصرفها للمستفيدين."
    },
    {
      "العنوان": "ما هو التصرف المتبع عند اعتراض المستفيد على دفع الاشتراكات منذ بدء المنظومة بالمحافظة؟",
      "النص": "منظومة التأمين الصحي الشامل منظومة تكافلية وضرورة سداد الاشتراكات مهمة لضمان الاستدامة المالية للهيئة وقدرتها على تقديم خدمات طبية وعلاجية لكل قاطني المحافظة دون تمييز."
    },
    {
      "العنوان": "ما هو الإجراء المتبع في حالة طلب الزوجة فصلها عن ملف الأسرة؟",
      "النص": "يتم توجيه الزوجة بأن الانتفاع من منظومة التأمين الصحي الشامل (انتفاع أسري)، وعليه لا يجوز الفصل إلا في حالة وجود قسيمة طلاق أو شهادة وفاة مميكنة أو حكم محكمة بالهجر."
    },
    {
      "العنوان": "ما هو التصرف المتبع عند طلب الأم الأرملة أو المطلقة ضم أطفالها على ملف الأسرة؟",
      "النص": "يلزم ذلك تقديم: - قرار محكمة بإثبات حضانة الأبناء للأم - أو عقد اتفاق بين الأب والأم موثق بالشهر العقاري بضم الأبناء لملف الأم - أو مستند عقد اتفاق بين الأب والأم في مكتب تسويات المنازعات الأسرية بمحاكم الأسرة."
    },
    {
      "العنوان": "ما هو التصرف المتبع في حالة عدم ظهور أحد أفراد الأسرة على تطبيق الهيئة العامة للرعاية الصحية وعدم تمكنه من الحصول على الخدمة؟",
      "النص": "يتم توجيه المستفيد بضرورة استخراج قيد عائلي مميكن والتوجه للفرع / للمنفذ لتحديث البيانات، ويتم إصدار إفادة بالتغطية التأمينية محددة المدة لحين الظهور على التطبيق."
    },
    {
      "العنوان": "ما هي المستندات الأساسية المطلوبة للتسجيل؟",
      "النص": "- صورة الرقم القومي للعائل (سارية - وجهين) - صورة الرقم القومي لأفراد الأسرة (سارية - وجهين) - شهادة الميلاد مميكنة للأبناء القاصرين تحت سن 15 سنة - أصل قيد عائلي مميكن \"إن تطلب الأمر\" – صورة وثيقة الزواج مميكنة."
    },
    {
      "العنوان": "ما هي المستندات الأساسية المطلوبة للتسجيل في الحالات الخاصة؟",
      "النص": "- صورة وثيقة الطلاق مميكنة - قرار محكمة بحضانة الأم للأبناء في حالة الطلاق - صورة وثيقة الوفاة مميكنة - قرار محكمة بالوصاية الشرعية على الأبناء في حالة الطلاق أو الوفاة - قرار محكمة بالطلاق في حالة الهجر - بحث اجتماعي لغير القادرين - صورة من بطاقة تكافل / كرامة من التضامن الاجتماعي مع الاطلاع على الأصل - إفادة من التضامن الاجتماعي بالحصول على إحدى معاشات التضامن الاجتماعي - صورة من بطاقة الأسر البديلة وصورة عقد الكفالة مع الاطلاع على الأصل في حالة الأسر البديلة - إفادة من مصلحة السجون في حالة أن العائل أو أحد أفراد الأسرة مسجون - إفادة من القوات المسلحة بأن العائل وأسرته لا ينتفعون بالخدمات الطبية بالقوات المسلحة - إفادة من السفارة في حالات الهجرة خارج مصر لأحد أفراد الأسرة - صورة من جواز السفر وعقد العمل بالخارج في حالة أن أحد أفراد الأسرة يعمل بخارج مصر - صورة بطاقة التجنيد أو إفادة من وحدة التجنيد التابع لها والموضحة به تاريخ بدء ونهاية التجنيد."
    },
    {
      "العنوان": "ما هي مستندات الدخل الأساسية المطلوبة للتسجيل؟",
      "النص": "- مفردات مرتب للموظف في القطاع الحكومي والقطاع الخاص - بيان بالمعاش العسكري من القوات المسلحة - إقرار صاحب العمل بالسداد في حالة الموظف - إقرار ضريبي من مصلحة الضرائب في حالة العمالة الحرة."
    },
    {
      "العنوان": "ما هو نظام التأمين الصحي الشامل؟",
      "النص": "هو نظام تكافلي اجتماعي (أسري) تقدم من خلاله خدمات طبية ذات جودة عالية لجميع فئات المجتمع دون تمييز، وتتكفل الدولة بالسداد عن غير القادرين من الخزانة العامة للدولة. الأسرة هي وحدة التغطية بالمنظومة."
    },
    {
      "العنوان": "ما هي شروط الانتفاع بخدمات التأمين الصحي الشامل؟",
      "النص": "وفقًا للمادة 48 من قانون 2 لسنة 2018 (فيما عدا حالات الطوارئ، يشترط للانتفاع بخدمات التأمين الصحي الشامل، أن يكون المنتفع مشتركًا في النظام ومسددًا للاشتراكات بدءًا من تاريخ سريان أحكام هذا القانون على المحافظة التي يتبعها المستفيد، وفي حالة عدم الاشتراك أو التخلف عن السداد، يشترط انتفاعه بخدمات النظام سداد الاشتراكات المتأخرة دفعة واحدة أو بالتقسيط، وفقًا لما تحدده الهيئة، ولا يسري هذا الشرط على المؤمن عليهم من العاملين بالجهاز الإداري للدولة ووحدات الإدارة المحلية والهيئات العامة والعاملين بالقطاع العام وقطاع الأعمال العام وأصحاب المعاشات، والقطاع الخاص الخاضع لأحكام قوانين التأمين الاجتماعي، وذلك في حالة تخلف صاحب العمل عن توريد الاشتراكات للهيئة). على أن يكون الفصل في وجود مديونية من عدمه هو شأن الإدارة المالية وليس إدارة شئون المستفيدين."
    },
    {
      "العنوان": "هل يوجد استثناء من تطبيق نظام التأمين الصحي الشامل؟",
      "النص": "وفقًا لنص المادة الأولى من قانون 2 لسنة 2018 (يعمل في شأن نظام التأمين الصحي الشامل بأحكام القانون المرافق، وتسري أحكامه إلزاميًا على جميع المواطنين المقيمين داخل جمهورية مصر العربية، واختياريًا على المصريين العاملين بالخارج وكذلك المقيمين مع أسرهم بالخارج. وتسري قواعد التأمين الصحي والرعاية الطبية المقررة بالقوات المسلحة على أفرادها بالخدمة أو بالمعاش وأسرهم المقرر علاجهم على نفقتها)."
    },
    {
      "العنوان": "هل يطبق نظام التأمين الصحي الشامل إذا كان العائل من المصريين العاملين بالخارج؟",
      "النص": "التأمين الصحي الشامل اختياريًا للمصريين العاملين بالخارج، وبناءً عليه يتم تسجيل الزوجة هي عائل الأسرة ويتم تسجيل الأبناء مع الأم، مع تسليم مستندات دخل الزوج + صورة جواز السفر + صورة إقامة الزوج لاحتساب نسب الاشتراكات من الإدارة المالية."
    },
    {
      "العنوان": "هل يطبق نظام التأمين الصحي الشامل على المصريين العاملين هم وأسرهم بالخارج؟",
      "النص": "التأمين الصحي الشامل اختياريًا للمصريين العاملين بالخارج وكذلك المقيمين مع أسرهم بالخارج، لحين تواجدهم داخل مصر يتم الانتفاع بالتغطية التأمينية للتأمين الصحي الشامل."
    },
    {
      "العنوان": "ما هي الخدمات الصحية التي لا يشملها نظام التأمين الصحي الشامل؟",
      "النص": "خدمات الصحة العامة والصحة النفسية، والخدمات الوقائية، والخدمات الإسعافية، وخدمات تنظيم الأسرة والتطعيمات، والخدمات الصحية الخاصة بتغطية الكوارث والأوبئة، وتلتزم الدولة بتقديم تلك الخدمات بالمجان."
    },
    {
      "العنوان": "هل يطبق التأمين الصحي الشامل على الجهات التي لها تأمين صحي خاص مثل الضرائب والجمارك والكهرباء والبنوك، وهيئة قناة السويس؟",
      "النص": "نعم، لكونه إلزامي وإجباري على جميع المواطنين فضلًا عن أنه وفقًا لنص المادة 10 من قانون التأمين الصحي الشامل رقم 2 لسنة 2018 تلتزم هيئة التأمين الصحي الشامل بشراء الخدمة الصحية لأصحاب نظم التأمين أو البرامج الصحية الخاصة سواء كانت الخدمة مقدمة بمستشفيات هيئة الرعاية الصحية أو بمستشفيات تلك النظم، وذلك وفقًا لنظم التعاقد والأسعار والضوابط والإجراءات الخاصة بهيئة التأمين الصحي الشامل، وأيضًا معايير الجودة التي تحددها هيئة الاعتماد والرقابة الصحية."
    },
    {
      "العنوان": "ما هو موقف المجندين إلزاميًا وأسرهم من الانتفاع بخدمات التأمين الصحي الشامل؟",
      "النص": "وفقًا للمادة 53، يوقف سريان أحكام النظام بالنسبة للمجند تجنيدًا إلزاميًا بالقوات المسلحة طوال مدة التجنيد أو الاستبقاء أو الاستدعاء، وتبين اللائحة التنفيذية لهذا القانون الأحكام الخاصة باستفادة أسر المجندين من النظام، كما يجوز أن تتضمن حكمًا بإعفائهم من الاشتراكات طوال المدة المشار إليها. - في حالة أن العائل هو المجند تعفى أسر المجندين إلزاميًا - وفي حالة أن المجند فرد من أفراد الأسرة يعفى عن نفسه فقط. الإعفاء من الاشتراكات الشهرية بشرط أن يكون المجند مسددًا للاشتراك حتى التحاقه بالخدمة العسكرية عن نفسه وعمن يعولهم على أن يتم سداد المساهمات عند تلقي الخدمات التي حددها القانون وتتحمل الخزانة العامة تكلفة التأمين الصحي الشامل عن أسر المجندين."
    },
    {
      "العنوان": "هل كارت الخدمات المتكاملة (ذوي القدرات الخاصة) يعفي من سداد الاشتراك؟",
      "النص": "لا يتم الإعفاء من سداد الاشتراك لأنه ليس من فئات غير القادرين وغير مستحق لأحد معاشات التضامن الاجتماعي."
    },
    {
      "العنوان": "ما هي نسب اشتراكات غير القادرين في نظام التأمين الصحي الشامل؟",
      "النص": "تلتزم الخزانة العامة بسداد الاشتراك والمساهمات عن فئات غير القادرين، وكذلك كل فرد من أفراد الأسرة المعالين."
    },
    {
      "العنوان": "كيف يتم انتفاع أحد أفراد الأسرة غير الظاهر بياناته على تطبيق التأمين الصحي الشامل في حين أن عائل الأسرة ظاهر على التطبيق؟",
      "النص": "يتم الانتفاع بموجب إفادة بالتغطية التأمينية لمدة شهرين تمنح للمستفيد من إدارة التسجيل والإصدار بالفرع أو المنافذ ويتم بموجبها عمل خطاب إحالة من خدمة العملاء."
    },
    {
      "العنوان": "ما هو المستند المطلوب لتسجيل حالات مهجوري العائل؟",
      "النص": "يشترط توافر حكم محكمة بالهجر بناءً على محضر هجر."
    },
    {
      "العنوان": "كيف يتم تسجيل حالات الزواج تحت السن؟",
      "النص": "يظل كل من الزوج والزوجة على ملف أولياء أمورهم لحين إثبات الزواج بقسيمة زواج مميكنة حديثة. وتسجيل الأبناء من ذلك الزواج على ملف الجد من الأب."
    },
    {
      "العنوان": "كيف يتم التسجيل في حالة الزوج غير مصري والزوجة مصرية والأبناء في حالة حصولهم على الجنسية المصرية؟",
      "النص": "- يتم تسجيل الزوجة والأبناء، ويشترط صورة جواز سفر الزوج (ساري) - مستند يثبت دخل الزوج."
    },
	{
      "العنوان": "ما هو المستند المطلوب لتسجيل الأبناء في حالة وفاة العائل؟",
      "النص": "يشترط شهادة الوفاة + قرار وصاية لتحديد العائل الجديد"
    },
    {
      "العنوان": "ما هو المستند المطلوب في حالة وفاة أحد أفراد الأسرة؟",
      "النص": "شهادة وفاة للمتوفي"
    },
    {
      "العنوان": "كيف يتم تسجيل المغترب بكافة المحافظات؟ وفي حالة المغترب بمحافظة جنوب سيناء؟",
      "النص": "تعريف المغترب هو ذلك الشخص الذي يقيم بشكل مؤقت أو دائم في محافظة داخل نطاق التطبيق غير محافظته الأصلية، ويشترط لانتفاعه بالخدمة أن تكون إقامته فيها بشكل فردي لغرض العمل وتأميناته بنفس محافظة العمل وألا تكون محافظته الأصلية بنطاق التطبيق. - إقرار صاحب عمل + إثبات إقامة بالمحافظة - يتم استخراج بطاقة فردية لمدة 12 شهر + إفادة - يتم تسجيل البيانات بملف إكسيل + حفظ الملفات والمستندات الورقية بشكل منفصل. في حال أن المواطن موظف ومؤمن عليه بالتأمينات الاجتماعية بمحافظة جنوب سيناء يتم إتاحة التسجيل بمنظومة التأمين الصحي الشامل مع السماح بتسجيل باقي أفراد أسرته ببطاقة أسرية مع التأكيد على إثبات إقامة الأسرة والانضمام للمدارس"
    },
    {
      "العنوان": "ما هي الشروط اللازمة لنقل المستفيد من وحدة الرعاية الأولية التابع لها لوحدة أخرى؟",
      "النص": "- يشترط رغبة المستفيد + السعة الاستيعابية بالوحدة المنقول إليها - خطاب النقل من وحدة لأخرى - يشترط إلغاء الملف من الوحدة المنقول منها"
    },
    {
      "العنوان": "ما هو المستند المطلوب لنقل المستفيد من محافظة لمحافظة أخرى؟",
      "النص": "يشترط إفادة غلق الملف من المحافظة المنقول منها"
    },
    {
      "العنوان": "ما هي مستندات الدخل المطلوبة لتسجيل العمالة الحرة؟ محامي حر - طبيب حر",
      "النص": "يشترط: - إقرار ضريبي"
    },
    {
      "العنوان": "ما هي المستندات المطلوبة لتسجيل الأم والأبناء المقيمين في محافظة التطبيق والزوج (العائل) يعمل خارج جمهورية مصر العربية؟",
      "النص": "- صورة بطاقة الإقامة بالخارج للزوج - صورة جواز السفر للزوج (ساري) - إثبات دخل للعائل"
    },
    {
      "العنوان": "كيف يتم تسجيل الأسرة في حالة أن العائل متزوج من زوجتين في نفس محافظة التطبيق؟",
      "النص": "يتم تسجيل الزوجتين على نفس ملف الزوج وربط العائل والزوجتين وأبنائهما على نفس وحدة طب الأسرة طبقًا لمحل إقامة العائل"
    },
    {
      "العنوان": "كيف يتم تسجيل أسرة المسجون؟",
      "النص": "- يتم تسجيل الزوجة هي العائل للأسرة لحين انتهاء فترة السجن للزوج - يشترط توفر إفادة من مصلحة السجون"
    },
    {
      "العنوان": "ما هو المستند المطلوب لتسجيل أسرة المجند؟",
      "النص": "كارت التجنيد أو إفادة محدد به تاريخ بداية ونهاية التجنيد"
    },
    {
      "العنوان": "ما هي المستندات المطلوبة لتسجيل الحالات المستحقة لأحد معاشات التضامن الاجتماعي (تكافل وكرامة)؟",
      "النص": "- إفادة من التضامن الاجتماعي بأسماء المنتفعين من الأسرة - بطاقة تكافل / كرامة مع الاطلاع على الأصل"
    },
    {
      "العنوان": "ما هو المستند المطلوب لاستخراج بدل فاقد لبطاقة التأمين الصحي الشامل؟",
      "النص": "محضر فقد بقسم الشرطة"
    },
    {
      "العنوان": "كيف يتم تسجيل حاملي بطاقة رقم قومي محافظة شمال سيناء المقيمين بمحافظة جنوب سيناء؟",
      "النص": "يتم تسجيلهم وفقًا لتعريف المغترب المقيم بمحافظة جنوب سيناء"
    },
    {
      "العنوان": "كيف يتم تسجيل حاملي بطاقة رقم قومي محافظة شمال سيناء المقيمين بمحافظات التطبيق المختلفة ما عدا محافظة جنوب سيناء؟",
      "النص": "يتم تسجيلهم بمحافظة الإسماعيلية"
    },
	{
      "العنوان": "في حال أن الخدمة المطلوبة خدمة مركبة وتنقسم إلى إجراء يحتاج موافقة مسبقة وآخر لا يحتاج موافقة مسبقة، ما الإجراء المتبع؟",
      "النص": "يتم إصدار الموافقة المسبقة على الخدمة التي تحتاج إلى موافقة مسبقة فقط."
    },
    {
      "العنوان": "في حالة الموافقة المسبقة للخدمات التي تتطلب مستلزمًا أثناء تقديم الخدمة (مثال: خدمة إصلاح وتر باستخدام الخطاطيف)، هل يتم إصدار موافقة مسبقة للمستلزم على الرغم من إصدار موافقة على إجراء الخدمة نفسها؟",
      "النص": "لا يتم إصدار موافقة مسبقة لمستلزم تابع لخدمة طالما لم يُدرج هذا المستلزم في قوائم الموافقات المسبقة ويتم اتباع قواعد الموافقة على الخدمات التي تتطلب موافقة مسبقة والمعممة مع الإصدار الرابع للخدمات. أما فيما يخص التركيبات التي تُزرع داخل جسم الإنسان أو المستلزمات غير المدرجة بقوائم الموافقات المسبقة، فإنه يتم إرفاق فواتير الشراء المعتمدة من هيئة الشراء الموحد أو فاتورة إلكترونية."
    },
    {
      "العنوان": "كيف يتم انتفاع أحد أفراد الأسرة غير الظاهر بياناته على تطبيق التأمين الصحي الشامل في حين أن عائل الأسرة ظاهر على التطبيق؟",
      "النص": "يتم الانتفاع بموجب إفادة بالتغطية التأمينية لمدة شهرين تمنح للمستفيد من الإدارة العامة للتسجيل والإصدار بالفرع أو المنافذ، ويتم بموجبها عمل خطاب إحالة من خدمة العملاء."
    }
  ]
}
