{
  "الموضوعات": [
   
    {
      "العنوان": " إجراء تغيير وحدة الرعاية الأولية التابع لها المستفيد",
      "العملية_الرئيسية": "تغيير وحدة الرعاية الأولية التابع لها المستفيد على قاعدة البيانات",
      "العملية_الفرعية": "إجراء تغيير وحدة الرعاية الأولية التابع لها المستفيد",
      "الوصف": "للمستفيد الحق في تغيير وحدة الرعاية الأولية التابع لها وذلك طبقًا للتوزيع الجغرافي لمحل الإقامة المسجل ببطاقة الرقم القومي أو حسب رغبة المستفيد في حدود الطاقة الاستيعابية للوحدة المراد النقل إليها.",
      "الأنشطة": [
        {
          "كود النشاط": "1-1",
          "وصف النشاط": "يتوجه المستفيد إلى إدارة التسجيل والإصدار بالفرع / المنافذ لتغيير وحدة الرعاية الأولية التابع لها",
          "المسئول": "المستفيد",
          "الشروط المسبقة": ""
        },
        {
          "كود النشاط": "2-1",
          "وصف النشاط": "يقوم أخصائي التسجيل والإصدار بتحديد فئة المستفيد وتسليمه قائمة بالمستندات المطلوبة (مستندات التسجيل+مستندات الدخل وفقًا لمتطلبات الإدارة المالية)+إستمارة التسجيل وطلب تغيير وحدة الرعاية الأولية. مستندات التسجيل: صورة بطاقة الرقم القومي للعائل (سارية – وجهين)، طلب تغيير وحدة الرعاية الأولية، خطاب غلق الخدمة من الوحدة المسجل عليها سابقًا، خطاب من الوحدة المراد الربط عليها محدد به الكثافة العددية للوحدة، بطاقة التأمين الصحي الشامل الخاصة بالمستفيد، مستند بالعنوان الجديد (إن تطلب الأمر). مستندات الدخل وفقًا لمتطلبات الإدارة المالية: طبعة التأمينات الإجتماعية للمستفيد إذا كان مؤمن عليه أو غير مؤمن عليه أو بالمعاش، طبعة مدد تأمينية، مفردات المرتب للمستفيد بالقطاع الحكومي والقطاع الخاص، إقرار ضريبي للمستفيد في حالة العمل الحر، إفادة من الضرائب تفيد بعدم فتح نشاط، قرار للمستفيد من لجنة غير القادرين بالإعفاء من سداد الاشتراكات، إفادة من وزارة التضامن الإجتماعي بأن المستفيد من مستحقي أحد معاشات وزارة التضامن الإجتماعي، بطاقة تكافل وكرامة سارية",
          "المسئول": "أخصائي التسجيل والإصدار بالفرع / أخصائي المنفذ القائم بأعمال التسجيل والإصدار بوحدات ومراكز الرعاية الأولية",
          "الشروط المسبقة": ""
        },
        {
          "كود النشاط": "3-1",
          "وصف النشاط": "يقوم المستفيد بتسليم المستندات المطلوبة وإستمارة التسجيل وطلب تغيير وحدة الرعاية الأولية بعد استيفاء بياناتهما والتوقيع عليهما لأخصائي التسجيل والإصدار. ثم يقوم أخصائي التسجيل والإصدار بالتوقيع على إستمارة التسجيل",
          "المسئول": "المستفيد، أخصائي التسجيل والإصدار بالفرع / أخصائي المنفذ القائم بأعمال التسجيل والإصدار بوحدات ومراكز الرعاية الأولية",
          "الشروط المسبقة": ""
        },
        {
          "كود النشاط": "4-1",
          "وصف النشاط": "يقوم أخصائي التسجيل والإصدار بمراجعة مستندات المستفيد وتحديد ما إذا كانت المستندات كاملة أم لا. يقوم المستفيد باستكمال مستنداته إذا كانت غير كاملة",
          "المسئول": "أخصائي التسجيل والإصدار بالفرع / أخصائي المنفذ القائم بأعمال التسجيل والإصدار بوحدات ومراكز الرعاية الأولية , المستفيد",
          "الشروط المسبقة": ""
        },
        {
          "كود النشاط": "5-1",
          "وصف النشاط": "يقوم أخصائي التسجيل والإصدار إذا كانت مستندات المستفيد كاملة بمطابقة مستنداته مع التكوين الأسري على قاعدة بيانات تطبيق التأمين الصحي الشامل. ثم يقوم بإجراء التعديل المتاح على التطبيق. إذا كانت بيانات المستفيد غير مطابقة مع قاعدة البيانات يتم اتباع الإجراء رقم (2)",
          "المسئول": "أخصائي التسجيل والإصدار بالفرع / أخصائي المنفذ القائم بأعمال التسجيل والإصدار بوحدات ومراكز الرعاية الأولية",
          "الشروط المسبقة": "المستفيد مدرج على قاعدة بيانات تطبيق التأمين الصحي الشامل"
        },
        {
          "كود النشاط": "6-1",
          "وصف النشاط": "إذا كانت مستندات المستفيد مطابقة مع قاعدة البيانات، يقوم أخصائي التسجيل والإصدار بتنفيذ الآتي: ربط المستفيد على وحدة رعاية أولية طبقًا للتوزيع الجغرافي لمحل الإقامة المسجل في بطاقة الرقم القومي أو حسب رغبة المستفيد بشرط الطاقة الاستيعابية للوحدة المراد النقل إليها تسمح بذلك",
          "المسئول": "أخصائي التسجيل والإصدار بالفرع / أخصائي المنفذ القائم بأعمال التسجيل والإصدار بوحدات ومراكز الرعاية الأولية",
          "الشروط المسبقة": ""
        },
        {
          "كود النشاط": "7-1",
          "وصف النشاط": "يقوم أخصائي التسجيل والإصدار بمراجعة الطبعة التأمينية وطبعة المدد التأمينية وبناءً عليه يقوم بتصنيف المستفيد وفقًا للحالات التالية: (1) المستفيد خاضع لأحكام التأمينات الإجتماعية منذ بدء التشغيل الفعلي لمنظومة التأمين الصحي الشامل بالمحافظة أو (2) المستفيد من (فئات غير القادرين – مستحقي لأحد معاشات وزارة التضامن الإجتماعي). يقوم أخصائي التسجيل والإصدار: تسجيل أو تحديث بيانات الأسرة على التطبيق، إصدار بطاقة التأمين الصحي الشامل للمستفيد بشكل فوري، طباعة شاشة التسجيل الخاصة ببيانات التكوين الأسري بعد تحديثها، إرفاقها بملف المستفيد الذي يتضمن كافة معلومات التواصل مثل (رقم الهاتف المحمول – رقم الهاتف الأرضي – عنوان الإقامة الفعلي – البريد الإلكتروني \"إن وجد\")، إرسال صورة من المستندات إلى الإدارة المالية بالفرع من خلال البريد الإلكتروني بحد أقصى 24 ساعة من تاريخ الاستلام من المستفيد، إرسال أصل ملف المستفيد أثناء الزيارة الأسبوعية للمشرفين على المنافذ بحد أقصى أسبوع من تاريخ الاستلام من المستفيد، توجيه المستفيد بضرورة التوجه إلى الإدارة المالية لمعرفة حال وجود مستحقات سابقة من عدمه. يقوم أخصائي الإيرادات ومتابعة التحصيل بالإدارة المالية: إبلاغ المستفيد بأن الهيئة القومية للتأمين الإجتماعي ستتولى استقطاع نسب اشتراكات التأمين الصحي الشامل على كافة الخاضعين للتأمين الإجتماعي دون التقيد بالمحافظات نطاق التطبيق الرسمي للمنظومة، وذلك اعتبارًا من يونيه 2024. (3) المستفيد خاضع لأحكام التأمينات الإجتماعية ويوجد استحقاق لهيئة التأمين الصحي الشامل عن اشتراكات عن فترات سابقة لخضوعه للتأمينات الإجتماعية أو (4) المستفيد الغير خاضع لأحكام التأمينات الإجتماعية (غير مؤمن عليه). يقوم أخصائي التسجيل والإصدار: تسجيل أو تحديث بيانات الأسرة على التطبيق، طباعة شاشة التسجيل الخاصة ببيانات التكوين الأسري بعد تحديثها، إرفاقها بملف المستفيد الذي يتضمن كافة معلومات التواصل، إرسال صورة من المستندات إلى الإدارة المالية بالفرع من خلال البريد الإلكتروني بحد أقصى 24 ساعة، إرسال أصل ملف المستفيد أثناء الزيارة الأسبوعية للمشرفين بحد أقصى أسبوع، توجيه المستفيد بضرورة التوجه إلى الإدارة المالية لاحتساب قيمة الاشتراكات. يقوم أخصائي الإيرادات ومتابعة التحصيل بالإدارة المالية: المراجعة الحسابية وحساب اشتراك التأمين الصحي الشامل للعائل والأسرة، إصدار إفادة بموقف المستفيد من السداد (سداد كلي / سداد جزئي) موقعة ومختومة، إرسالها بالبريد الإلكتروني لمدير التسجيل والإصدار بالفرع، في حالة السداد الكلي: إصدار إيصال السداد، في حالة السداد الجزئي: إصدار آخر إيصال السداد وتحديد المديونية، يقوم أخصائي التسجيل والإصدار: إصدار بطاقة التأمين أو إفادة تغطية لمدة شهرين، إصدار الإفادة بالتنسيق مع الإدارة المالية وتسليمها للمستفيد",
          "المسئول": "أخصائي الإيرادات ومتابعة التحصيل بالإدارة المالية بالفرع، أخصائي التسجيل والإصدار بالفرع / أخصائي المنفذ القائم بأعمال التسجيل والإصدار",
          "الشروط المسبقة": ""
        }
      ]
    },
    {
      "العنوان": "سياسة التعامل مع معوقات تسجيل المستفيدين",
      "الوصف": "تلتزم إدارة التسجيل والإصدار بفروع الهيئة والتابعة للإدارة العامة للتسجيل والإصدار بالإدارة المركزية لشئون المستفيدين بتلقي معوقات المستفيدين الخاصة بالتسجيل والإصدار والعمل على حلها وإخطار المستفيدين بالحل في خلال الوقت المحدد"
    },
    {
      "العنوان": "الغرض من سياسة التعامل مع معوقات تسجيل المستفيدين",
      "الوصف": "إيجاد آلية سهلة للمستفيدين لتقديم استفسارات عن معوقات التسجيل، تحليل معوقات تسجيل المستفيدين للوصول لأسبابها الجذرية، إيجاد حلول غير تقليدية لحل معوقات تسجيل المستفيدين"
    },
    {
      "العنوان": " إجراء التعامل مع معوقات تسجيل المستفيدين",
      "العملية_الرئيسية": "التعامل مع معوقات تسجيل المستفيدين",
      "العملية_الفرعية": "إجراء التعامل مع معوقات تسجيل المستفيدين",
      "الوصف": "استقبال وحصر معوقات المستفيدين الخاصة بالتسجيل والإصدار والعمل على حلها وإخطار المستفيدين بالحل في خلال الوقت المحدد مع إرفاق المستندات الداعمة.",
      "الأنشطة": [
        {
          "كود النشاط": "1-1",
          "وصف النشاط": "يتوجه المستفيد إلى إدارة التسجيل والإصدار بالفرع / المنافذ لإيجاد حل لاستكمال عملية التسجيل والإصدار",
          "المسئول": "المستفيد",
          "الشروط المسبقة": ""
        },
        {
          "كود النشاط": "2-1",
          "وصف النشاط": "يقوم أخصائي التسجيل والإصدار بتحديد فئة المستفيد وتسليمه استمارة التسجيل وقائمة بالمستندات المطلوبة (يتم استلام صور مع ضرورة الاطلاع على الأصل): صورة بطاقة الرقم القومي للعائل (سارية – وجهين)، صورة بطاقة التأمين الصحي الشامل، أصل قيد عائلي مميكن",
          "المسئول": "أخصائي التسجيل والإصدار بالفرع / أخصائي المنفذ بوحدات ومراكز الرعاية الأولية",
          "الشروط المسبقة": ""
        },
        {
          "كود النشاط": "3-1",
          "وصف النشاط": "يقوم المستفيد بتسليم المستندات المطلوبة واستمارة التسجيل بعد استيفاء بياناتها والتوقيع عليها إلى أخصائي التسجيل والإصدار. ثم يقوم أخصائي التسجيل والإصدار بالتوقيع على استمارة التسجيل",
          "المسئول": "المستفيد، أخصائي التسجيل والإصدار بالفرع / أخصائي المنفذ بوحدات ومراكز الرعاية الأولية",
          "الشروط المسبقة": ""
        },
        {
          "كود النشاط": "4-1",
          "وصف النشاط": "يقوم أخصائي التسجيل والإصدار بمراجعة مستندات المستفيد وتحديد ما إذا كانت المستندات كاملة أم لا. يقوم المستفيد باستكمال مستنداته إذا كانت غير كاملة",
          "المسئول": "أخصائي التسجيل والإصدار بالفرع / أخصائي المنفذ بوحدات ومراكز الرعاية الأولية, المستفيد",
          "الشروط المسبقة": ""
        },
        {
          "كود النشاط": "5-1",
          "وصف النشاط": "يقوم أخصائي التسجيل والإصدار إذا كانت مستندات المستفيد كاملة بمطابقة مستنداته مع التكوين الأسري على قاعدة بيانات تطبيق التأمين الصحي الشامل، ثم يقوم بإجراء التعديل المتاح على التطبيق واستكمال عملية التسجيل وفقًا لسياسة التسجيل رقم (3)",
          "المسئول": "أخصائي التسجيل والإصدار بالفرع / أخصائي المنفذ",
          "الشروط المسبقة": "يشترط أن يكون مؤمن عليه بالتأمينات الاجتماعية أو غير مؤمن عليه ومسدد اشتراكات التأمين الصحي الشامل"
        },
        {
          "كود النشاط": "6-1",
          "وصف النشاط": "في حالة عدم ظهور بيانات العائل على التطبيق ولكن مستنداته تفيد أحقيته بالتغطية التأمينية، لا يتم تسليمه بطاقة التأمين الصحي الشامل ويتم عمل الآتي: طباعة التكوين الأسري، استخراج إفادة بالمرة الواحدة للعائل وتجدد حتى يتم إدراجه على التطبيق. في حالة عدم ظهور بيانات أحد أفراد الأسرة أو وجود خطأ بها، يقوم العائل بتقديم أصل قيد عائلي مميكن حديث ويصدر أخصائي التسجيل إفادة تغطية تأمينية لمدة شهرين وتجدد حتى يتم الإدراج",
          "المسئول": "أخصائي التسجيل والإصدار بالفرع / أخصائي المنفذ بوحدات ومراكز الرعاية الأولية",
          "الشروط المسبقة": ""
        },
        {
          "كود النشاط": "7-1",
          "وصف النشاط": "يقوم أخصائي التسجيل والإصدار بتسجيل بيانات المستفيد في نموذج حصر معوقات التسجيل الأسبوعي ويرفق به صورة الرقم القومي. النموذج خاص بحالات عدم ظهور البيانات أو وجود خطأ بها على التطبيق.",
          "المسئول": "أخصائي التسجيل والإصدار بالفرع / أخصائي المنفذ بوحدات ومراكز الرعاية الأولية",
          "الشروط المسبقة": ""
        },
        {
          "كود النشاط": "8-1",
          "وصف النشاط": "يقوم مدير إدارة التسجيل والإصدار بالفرع برفع بيان أسبوعي بمعوقات التسجيل إلى الإدارة العامة، التي تقوم بإعداد البيان واعتماده من رئيس الإدارة المركزية ثم إرساله إلى الجهات المعنية.",
          "المسئول": "مدير إدارة التسجيل والإصدار بالفرع، الإدارة العامة للتسجيل والإصدار، رئيس الإدارة المركزية لشئون المستفيدين، الجهات المعنية",
          "الشروط المسبقة": ""
        },
        {
          "كود النشاط": "9-1",
          "وصف النشاط": "يقوم أخصائي التسجيل والإصدار بمتابعة حالة المستفيد حتى يتم إدراجه أو تصحيح الخطأ الموجود في بياناته على قاعدة بيانات تطبيق التأمين الصحي الشامل",
          "المسئول": "أخصائي التسجيل والإصدار بالفرع / أخصائي المنفذ بوحدات ومراكز الرعاية الأولية",
          "الشروط المسبقة": ""
        }
      ]
    },
    {
      "العنوان": "الغرض من عمل وتقديم الإحصائيات",
      "الوصف": "إيجاد آلية سريعة وفعالة لتجميع البيانات (البيانات المطلوبة، ومن يقوم بجمع البيانات، مصدر البيانات). عمل إحصائيات تعكس نشاط الإدارة."
    },
    {
      "العنوان": "الغرض من سياسة عمل مؤشرات الأداء",
      "الوصف": "قياس أداء إدارات التسجيل والإحصار بالفروع عن طريق جمع البيانات وعمل المؤشرات وتحليلها لمعرفة الوضع الحالي للإدارات. اتخاذ القرارات التي من شأنها التحسين المستمر لأداء إدارات التسجيل والإحصار بالفروع."
    },
    {
      "العنوان": "سياسة عمل وتقديم الإحصائيات",
      "الوصف": "تلتزم إدارة التسجيل والإصدار بفروع الهيئة بتسجيل إحصائيات تحكس نشاط الإدارة ويتم رفعها للإدارة العامة للتسجيل والإصدار بالإدارة المركزية لشئون المستفيدين بصورة دورية."
    },
    {
      "العنوان": "سياسة عمل مؤشرات الأداء",
      "الوصف": "تلتزم الإدارة العامة للتسجيل والإصدار التابعة للإدارة المركزية لشئون المستفيدين بإعداد مؤشرات الأداء شهرياً ونصف سنوياً وسنوياً."
    },
    {
      "العنوان": " إجراء عمل وتقديم الإحصائيات",
      "العملية_الرئيسية": "عمل وتقديم الإحصائيات",
      "العملية_الفرعية": "إجراء عمل وتقديم الإحصائيات",
      "الوصف": "المركزية باإلدارة واإلصدار للتسجيل العامة لإلدارة رفعها ويتم اإلدارة نشاط تعكس إحصائيات بعمل بالفروع واإلصدار التسجيل إدارة تلتزم دورية بصورة المستفيدين لشئون",
      "الأنشطة": [
        {
          "كود النشاط": "1-1",
          "وصف النشاط": "في يومًيا واإلصدار التسجيل حاالت بتسجيل بالفرع واإلصدار التسجيل أخصائي يقوم شيت إكسيل",
          "المسئول": "بالفرع واإلصدار التسجيل أخصائي",
          "الشروط المسبقة": ""
        },
        {
          "كود النشاط": "1-1",
          "وصف النشاط": "شهرًيا واإلصدار التسجيل بحاالت بيان أسبوعًيا إكسيل ملف على واإلصدار التسجيل بمعوقات بيان شهرًيا المغتربين بحاالت بيان",
          "المسئول": "بالفرع واإلصدار التسجيل إدارة مدير",
          "الشروط المسبقة": ""
        },
        {
          "كود النشاط": "2-1",
          "وصف النشاط": "شهرًيا واإلصدار التسجيل حاالت بيان أسبوعًيا واإلصدار التسجيل معوقات بيان شهرًيا المغتربين بحاالت بيان",
          "المسئول": "بالفرع المستفيدين شئون إدارة مدير",
          "الشروط المسبقة": ""
        }
      ]
    },
    {
      "العنوان": "إجراء عمل مؤشرات الأداء",
      "العملية_الرئيسية": "عمل مؤشرات الأداء",
      "العملية_الفرعية": "إجراء عمل مؤشرات الأداء",
      "الوصف": "لإلدارات الحالي الوضع لمعرفة وتحليلها المؤشرات وعمل البيانات جمع طريق عن بالفروع واإلصدار التسجيل إدارات أداء قياس",
      "الأنشطة": [
        {
          "كود النشاط": "1-1",
          "وصف النشاط": "المحددة النماذج على البيانات بحصر واإلصدار للتسجيل العامة اإلدارة أخصائي يقوم",
          "المسئول": "للتسجيل العامة اإلدارة أخصائي لشئون المركزية باإلدارة واإلصدار المستفيدين",
          "الشروط المسبقة": ""
        },
        {
          "كود النشاط": "2-1",
          "وصف النشاط": "للمعادالت طبًق ا األداء مؤشرات بحساب اإلصدار و للتسجيل العامة اإلدارة أخصائي يقوم اسابقً المذكورة بين للمقارنة الالزمة البيانية الرسوم بإعداد واإلصدار للتسجيل العامة اإلدارة أخصائي يقوم اعتمادها ثم لها تحليل وعمل وسنوًيا سنوًيا ونصف شهرًيا األداء مؤشرات",
          "المسئول": "للتسجيل العامة اإلدارة أخصائي لشئون المركزية باإلدارة واإلصدار المستفيدين",
          "الشروط المسبقة": ""
        },
        {
          "كود النشاط": "3-1",
          "وصف النشاط": "البيانية والرسوم األداء مؤشرات برفع واإلصدار للتسجيل العامة اإلدارة أخصائي يقوم واإلصدار للتسجيل العامة اإلدارة مدير إلى والتحليل",
          "المسئول": "للتسجيل العامة اإلدارة مدير لشئون المركزية باإلدارة واإلصدار المستفيدين",
          "الشروط المسبقة": ""
          }
      ]
    },


 {
    "العنوان": "المراجع",
    "النص": "1. قانون التأمين الصحي الشامل رقم 2 لسنة 2018.\n2. اللائحة التنفيذية القانون التأمين الصحي الشامل رقم 2 لسنة 2018.\n3. العمالة الموسمية وغير المنظمة قانون رقم 112 لسنة 80.\n4. قرار رئيس مجلس الوزراء رقم 2273 لسنة 2020 بشأن تحديد ذوي الأمراض المرونة والأورام.\n5. قانون رقم 13 لسنة 1996 بشأن مصلحة الاحوال المدنية.\n6. قرار رئيس مجلس الوزراء لتحديد فئات غير القادرين قرار رقم 1948 لسنة 2019.\n7. قانون الطفل الصادر بالقانون رقم 12 لسنة 1996.\n8. قانون تنظيم شؤون البيانات والإدارات الدراسية والعناصر رقم 112 لسنة 1959.\n9. قانون تنظيم الجامعات الصادر بالقانون رقم 49 لسنة 1972.\n10. قانون العمال في الخارج قانون رقم 50 لسنة 78.\n11. قرار رئيس مجلس الوزراء رقم 1063 لحالات الحلواري لسنة 2014.\n12. قرار وزير الحدث رقم 1443 لسنة 2014 بشأن حالات الحلواري.\n13. قرار مجلس الإدارة في اجتماعه رقم 19 بتاريخ 14/3/2020 بشأن انتفاع المغتربين.\n14. مدكرة المدير التنفيذي بتاريخ 25/7/2021 بشأن انتفاع المغتربين.\n15. خطاب المصندس / خالد المحطار نائب وزير الإتصالات وتكنولوجيا المعاومات للتنمية الإدارية بتاريخ 16/2022 بشأن تعريف المقيم.\n16. مدكرة بإبرازي القانوني للمستشار القانوني بشأن المستندات المحلوية لتسجيل الأبناء في حالات الطابق والوفاة للانتفاع من خدمات التأمين الصحي الشامل بتاريخ 28/2/2024.\n17. مدكرة بإبرازي القانوني للمستشار القانوني بشأن أخفية بعض الحالات في الانتفاع من خدمات التأمين الصحي الشامل بتاريخ 25/3/2024."
  },
 {
    "العنوان": "المرفقات",
    "النص": "1. التربطة التنظيمية المعتمدة لمركز الصفة العامة للتأمين الصحي الشامل.\n2. بطاقة الوصف الوظيفي لرئيس الإدارة المركزية لشؤون المستفيدين.\n3. بطاقة الوصف الوظيفي لمدير عام الإدارة العامة للتسجيل والإصدار.\n4. بطاقة الوصف الوظيفي لمدير إدارة التسجيل والإصدار.\n5. بطاقة الوصف الوظيفي لأحصائي تسجيل وإصدار أول (أ.ب).\n6. بطاقة الوصف الوظيفي لأحصائي تسجيل وإصدار ثاني (أ.ب).\n7. بطاقة الوصف الوظيفي لأحصائي تسجيل وإصدار ثالث (أ.ب.ج)."
  },
   {
    "العنوان": "النماذج المستخدمة فيسياسات إدارة التسجيل واإلصدار",
    "النص": "إستمارة تسجيل مستفيدين:\n- إقرار صاحب عمل عن المغتربين (قطاع خاص / عام / حكومي)\n- إقرار بالسداد عن الغير\n- إقرار بضم أحد أفراد الأسرة على التكوين الأسبوع\n- إعادة بشأن تغطية تأمينية\n- إعادة بشأن تغطية تأمينية للانتفاع بين محافظات التطبيق\n\nنماذج أخرى:\n- إقرار المقيم بخارج جمهورية مصر العربية بالانتفاع من مخلوعة التأمين الصحي الشامل\n- نموذج الإحالة لمرة واحدة\n- تقرير عن حالة مقدم طلب الإدراج في قوائم غير القادرين عن سداد اشتراكات التأمين الصحي الشامل\n- طلب الإدراج في قوائم غير القادرين بالمينة العامة لتأمين الصحي الشامل\n- طلب تغيير الوحدة\n- بيان حالات التسجيل والإصدار\n- بيان معوقات التسجيل والإصدار\n- بيان بحالات المغتربين\n- إستمارة تقييم أعمال التسجيل والإصدار"
  }

  ]
}