{
  "الموضوعات": [
    {
      "العنوان": "النظام",
      "الوصف": "نظام التأمين الصحي الشامل"
    },
    {
      "العنوان": "الهيئة",
      "الوصف": "الهيئة العامة للتأمين الصحي الشامل"
    },
    {
      "العنوان": "هيئة الرعاية",
      "الوصف": "الهيئة العامة للرعاية الصحية"
    },
    {
      "العنوان": "هيئة الاعتماد والرقابة",
      "الوصف": "الهيئة العامة للاعتماد والرقابة الصحية"
    },
    {
      "العنوان": "المؤمن عليه",
      "الوصف": "كل من يسري في شأنه أحكام قانون التأمين الصحي الشامل رقم 2 لسنة 2018 طبقا لقواعد التدرج الجغرافي في التطبيق"
    },
    {
      "العنوان": "صاحب العمل",
      "الوصف": "كل من يستخدم عاملاً أو أكثر من المؤمن عليهم الخاضعين لأحكام هذا القانون"
    },
    {
      "العنوان": "الأسرة",
      "الوصف": "مجموعة من الأفراد مكونة من الزوج والزوجة أو أكثر والمعالين"
    },
    {
      "العنوان": "المريض",
      "الوصف": "كل من أصيب بمرض أو حادث غير إصابة العمل"
    },
    {
      "العنوان": "غير القادرين",
      "الوصف": "الأفراد أو الأسر الذين يتم تحديدهم وفقا لمعايير وعناصر الاستهداف التي تضعها لجنة مشكلة من وزارتي التضامن الاجتماعي والمالية والجهاز المركزي للتعبئة العامة والإحصاء استرشاداً بالحد الأدنى للأجور وخط الفقر ومعدلات التضخم، على أن يُعاد النظر في تلك المعايير دورياً كل سنتين على الأكثر"
    },
    {
      "العنوان": "فئات غير القادرين",
      "الوصف": "1. المستحقون لبرامج تكافل وكرامة والضمان الاجتماعي ومعاش الطفل\n2. المتعطلون عن العمل وغير القادرين وغير المستحقين لتعويض البطالة وأسرهم\n3. فاقدو الرعاية الأسرية في المؤسسات وليس لهم عائل\n4. ذوو الإعاقة العاجزون عن الكسب وليس لهم مصدر دخل\n5. المتضررون من الكوارث\n6. من لا يكفي دخله لتلبية الاحتياجات الأساسية"
    },
    {
      "العنوان": "المصريون العاملون بالخارج",
      "الوصف": "المستفيدون الذين تقتضي ظروف دراستهم أو عملهم أو علاجهم أو مرافقتهم لأفراد أسرهم وجودهم خارج البلاد لمدة لا تقل عن عام"
    },
    {
      "العنوان": "الأمراض المزمنة",
      "الوصف": "الأمراض غير المعدية التي تستغرق فترة طويلة في تطورها وتحتاج لعلاج يستمر أكثر من 90 يوماً"
    },
    {
      "العنوان": "اليتيم",
      "الوصف": "من توفي والداه أو توفي أبوه ولو لم تتزوج أمه، أو مجهول الأب أو الأبوين"
    },
    {
      "العنوان": "مؤسسة الرعاية الاجتماعية للأطفال المحرومين من الرعاية الأسرية",
      "الوصف": "كل دار لإيواء الأطفال الذين لا يقل سنهم عن ست سنوات ولا تزيد عن 18 سنة، المحرومين من الرعاية الأسرية بسبب اليتم أو تصدع الأسر أو عجزها عن توفير الرعاية"
    },
    {
      "العنوان": "معاش وزارة التضامن الاجتماعي",
      "الوصف": "معاشات شهرية تقدمها وزارة التضامن الاجتماعي عبر بنك ناصر لفئات مثل أسرة المريض، المسجون، الأسرة المعيلة، الأيتام، ذوي الإعاقة، طلاب الجامعات غير القادرين، الكوارث، ومشروعات التخرج"
    },
    {
      "العنوان": "شروط الحصول على المعاش",
      "الوصف": "أن يكون الفرد أو الأسرة في حالة احتياج وغير قادرين على تلبية احتياجاتهم الأساسية ويعجز دخلهم عن مواجهة الأعباء المعيشية"
    },
    {
      "العنوان": "المقيم",
      "الوصف": "الشخص الذي يقيم هو وأسرته في محافظة ضمن نطاق التطبيق ومحل إقامته مسجل في بطاقة الرقم القومي"
    },
    {
      "العنوان": "المغترب",
      "الوصف": "الشخص الذي يقيم في محافظة داخل نطاق التطبيق غير محافظته الأصلية لأغراض العمل ومؤمن عليه في مكتب تأمينات داخل هذه المحافظة"
    },
    {
      "العنوان": "المغترب المقيم بجنوب سيناء",
      "الوصف": "الشخص الذي يقيم هو وأسرته في جنوب سيناء لأغراض العمل ومؤمن عليه، ويشترط إثبات إقامة الأسرة"
    },
    {
      "العنوان": "الصحة العامة",
      "الوصف": "علم وفن الوقاية من الأمراض، وإطالة العمر، وتعزيز الصحة من خلال جهود المجتمع"
    },
    {
      "العنوان": "الخدمات الوقائية",
      "الوصف": "خدمات تهدف لتعزيز الصحة والوقاية من الأمراض مثل رعاية الأمومة والطفولة، الفحص الطبي، التطعيمات"
    },
    {
      "العنوان": "الخدمات الإسعافية",
      "الوصف": "الخدمات الطبية السريعة التي تقدم بشكل فوري لتجنب المضاعفات أو الوفاة"
    },
    {
      "العنوان": "الأوبئة",
      "الوصف": "الأمراض أو الأحداث الصحية التي تتجاوز المعدلات المتوقعة في منطقة معينة"
    },
    {
      "العنوان": "الخدمات العلاجية",
      "الوصف": "العلاج الطبي المبني على البرهان العلمي سواء بالأدوية أو الجراحة وغيرها"
    },
    {
      "العنوان": "المنشآت الطبية",
      "الوصف": "المستشفيات والمراكز والوحدات الصحية والإسعاف والعيادات والمختبرات... إلخ، باستثناء التابعة للقوات المسلحة"
    },
    {
      "العنوان": "المستوى الأول لمنشآت تقديم الخدمة الصحية الأولية",
      "الوصف": "وحدات الرعاية الأولية وصحة الأسرة التي تقدم خدمات تشخيصية وعلاجية وإسعافات أولية وفق معايير الجودة"
    },
    {
      "العنوان": "المستوى الثاني للرعاية الصحية",
      "الوصف": "مرحلة تشخيص المرض وعلاجه في المستشفيات وفق معايير الجودة"
    },
    {
      "العنوان": "المستوى الثالث للرعاية الصحية",
      "الوصف": "مرحلة إعادة التأهيل للحالات الخاصة كالكلى والقلب، وفق معايير الجودة"
    },
    {
      "العنوان": "أجر الاشتراك",
      "الوصف": "كل ما يحصل عليه المؤمن عليه من مقابل نقدي مثل الأجر والعلاوات والحوافز والبدلات (مع بعض الاستثناءات)، ويُحسب من كل صاحب عمل إذا تعددت الوظائف"
    },
    {
      "العنوان": "الأجر التأميني",
      "الوصف": "الأجر الذي تُسدد عنه اشتراكات التأمينات الاجتماعية"
    },
    {
      "العنوان": "القطاعات التأمينية",
      "الوصف": "حكومي، عام، خاص، عمال مقاولات، سائق، عمال مخابز، صاحب سيارة، صاحب عمل، عمالة غير منتظمة مثل الصيادين والمزارعين"
    },
    {
      "العنوان": "خطاب التحويل",
      "الوصف": "يصدر من هيئة الرعاية الصحية ويُرسل إلى هيئة التأمين الصحي الشامل لإصدار خطاب الإحالة، وصالح لمدة 14 يوماً"
    },
    {
      "العنوان": "خطاب الإحالة",
      "الوصف": "يصدر من هيئة التأمين الصحي الشامل بناءً على خطاب التحويل ويُوجه لمقدمي الخدمة ضمن شبكة التعاقد، وصالح لمدة 14 يوماً"
    },
    {
      "العنوان": "الرؤية",
      "الوصف": "تحسين صحة جميع المواطنين داخل جمهورية مصر العربية من خلال تغطية صحية تأمينية شاملة في إطار العدالة والجودة"
    },
    {
      "العنوان": "الرسالة",
      "الوصف": "تلتزم الهيئة بالعمل على تحقيق وضمان استدامة التغطية الصحية التأمينية الشاملة القائمة على التكافل الاجتماعي لجميع المواطنين داخل جمهورية مصر العربية بشكل يضمن الاستجابة لاحتياجاتهم الصحية دون التعرض لأعباء ومخاطر مالية عند الاحتياج للخدمات الصحية، من خلال تعبئة الموارد المالية وتجميعها والشراء الاستراتيجي للخدمات الصحية الجيدة بأسعار عادلة من خلال التعاقد مع شبكة من مقدمي الخدمات الصحية المعتمدة بكافة مستوياتها من القطاع العام والخاص موزعة بعدالة على كافة محافظات الجمهورية وبالتعاون مع الكيانات ذات الصلة"
    },
    {
      "العنوان": "الاستجابة (Responsiveness)",
      "الوصف": "تتفهم الهيئة الاحتياجات الصحية للمواطنين وتضمن تلبية حقوقهم وتوقعاتهم"
    },
    {
      "العنوان": "الالتزام (Commitment)",
      "الوصف": "تلتزم الهيئة بتعزيز الاحترافية في جميع أنشطتها ومهامها لتوفير التغطية الصحية التأمينية الشاملة لجميع المواطنين داخل جمهورية مصر العربية وضمان الاستدامة المالية للنظام"
    },
    {
      "العنوان": "الكفاءة (Efficiency)",
      "الوصف": "تؤمن الهيئة بالاستخدام الأمثل للموارد المتاحة وبتقديم أعلى مستوى من معايير الرعاية الصحية والتأمينية من خلال تسعير عادل ومرن للخدمات"
    },
    {
      "العنوان": "العدالة (Equity)",
      "الوصف": "تلتزم الهيئة بالتعامل مع جميع مقدمي الرعاية الصحية وأصحاب المصلحة الآخرين على جميع المستويات لتلبية تطلعات المستفيدين طبقًا لاحتياجاتهم بتطبيق نظام تأميني يعتمد على التكافل الاجتماعي"
    },
    {
      "العنوان": "الشفافية والمسائلة (Transparency & Accountability)",
      "الوصف": "تُقدر الهيئة المساءلة والشفافية وتتعهد باتباع المعايير القياسية للمساءلة والمحاسبة عن أي أوجه قصور، كما تسعى الهيئة لبناء علاقات منفتحة مع جميع أصحاب المصلحة"
    },
    {
      "العنوان": "الرؤية",
      "الوصف": "إدارة التسجيل والإصدار هي الأولى بين النظم التأمينية العربية في مجال تقديم خدمات التسجيل والإصدار وإيجاد حلول معوقات التسجيل وهي تقوم بذلك بجودة فائقة تفوق توقعات المستفيدين"
    },
    {
      "العنوان": "الرسالة",
      "الوصف": "تلتزم إدارة التسجيل والإصدار بتقديم خدمات التسجيل والإصدار بجودة عالية وفي الوقت المناسب والعمل على تقليل نسبة معوقات التسجيل والإصدار لتنال رضا المستفيدين"
    },
    {
      "العنوان": "الاستجابة (Responsiveness)",
      "الوصف": "تتفهم إدارة التسجيل والإصدار احتياجات المستفيدين وتضمن تلبية احتياجاتهم وتوقعاتهم"
    },
    {
      "العنوان": "الالتزام (Commitment)",
      "الوصف": "تلتزم إدارة التسجيل والإصدار بتعزيز الاحترافية في جميع أنشطتها ومهامها من خلال الالتزام بكافة سياسات وإجراءات أنظمة العمل"
    },
    {
      "العنوان": "الكفاءة (Efficiency)",
      "الوصف": "تقديم خدمة التسجيل والإصدار بكفاءة عالية تضمن رضا المستفيدين عن الخدمة المقدمة"
    },
    {
      "العنوان": "العدالة (Equity)",
      "الوصف": "تسجيل المستفيدين طبقًا لفئاتهم ووفقًا لمعايير عادلة كما ورد بقانون التأمين الصحي الشامل"
    },
    {
      "العنوان": "الشفافية والمسائلة (Transparency & Accountability)",
      "الوصف": "تُقدر إدارة التسجيل والإصدار المساءلة والشفافية وتتعهد باتباع المعايير القياسية للمساءلة والمحاسبة عن أي أوجه قصور، كما تسعى الإدارة لبناء علاقات منفتحة مع جميع أصحاب المصلحة"
    },
    {
      "العنوان": "الشراكة (Partnership)",
      "الوصف": "تؤمن إدارة التسجيل والإصدار ببناء شراكات مع جميع أصحاب المصلحة من أجل تحقيق الأهداف المشتركة بما يضمن تلبية احتياجات المستفيدين"
    },
    {
      "العنوان": "أصحاب المصلحة",
      "الوصف": "المستفيد، وجهات الأعمال، مؤسسات الدفاع المدني، المحافظة، وزارة التضامن الاجتماعي، الهيئة القومية للتأمينات الاجتماعية، الهيئة العامة للرعاية الصحية، الهيئة العامة للاعتماد والرقابة، السجل المدني، مصلحة الأحوال المدنية، القوات المسلحة، هيئة القضاء العالي."
    },
    {
      "العنوان": "التغطية",
      "الوصف": "تسري أحكام قانون التأمين الصحي الشامل إلزاميًا على جميع المواطنين المقيمين داخل جمهورية مصر العربية، واختياريًا على المصريين العاملين بالخارج وكذلك المقيمين مع أسرهم بالخارج."
    },
    {
      "العنوان": "مسؤولية الهيئة",
      "الوصف": "تتولى الهيئة تسجيل وتوزيع المؤمن عليهم وأسرهم والتنسيق مع الجهات المختلفة لتحديث بياناتها بصفة دورية."
    },
    {
      "العنوان": "استثناء",
      "الوصف": "لا تسري قواعد قانون التأمين الصحي الشامل على العاملين أفراد القوات المسلحة بالخدمة أو بالمعاش وأسرهم المقرر علاجهم على نفقتها."
    },
    {
      "العنوان": "الاستفادة",
      "الوصف": "ينتفع المستفيدون بالخدمات الصحية التأمينية بكافة مستوياتها."
    },
    {
      "العنوان": "سياسة ما قبل التسجيل",
      "الوصف": "تلتزم الإدارة العامة للتسجيل والإصدار التابعة للإدارة المركزية لشئون المستفيدين بإعداد قاعدة البيانات الأساسية للهيئة مع الجهات المعنية وتحديد أماكن التسجيل والإعلان عنها وكذلك تحديد المستندات الأساسية اللازمة له."
    },
    {
      "العنوان": "سياسة تسجيل المستفيدين",
      "الوصف": "تلتزم إدارة التسجيل والإصدار بفروع الهيئة والتابعة للإدارة العامة للتسجيل والإصدار بالإدارة المركزية لشئون المستفيدين بتسجيل وتحديث بيانات المستفيدين واستخراج بطاقات التأمين الصحي الشامل وربطهم على مراكز طب الأسرة."
    },
    {
      "العنوان": "سياسة تغيير وحدة الرعاية الأولية",
      "الوصف": "تلتزم إدارة التسجيل والإصدار بفروع الهيئة والتابعة للإدارة العامة للتسجيل والإصدار بالإدارة المركزية لشئون المستفيدين بالاستجابة لرغبة المستفيد بتغيير وحدة الرعاية الأولية التابع لها، وذلك طبقًا للتوزيع الجغرافي لمحل الإقامة المسجل ببطاقة الرقم القومي أو حسب رغبة المستفيد في حدود الطاقة الاستيعابية للوحدة المراد النقل إليها."
    },
    {
      "العنوان": "سياسة التعامل مع معوقات التسجيل",
      "الوصف": "تلتزم إدارة التسجيل والإصدار بفروع الهيئة والتابعة للإدارة العامة للتسجيل والإصدار بالإدارة المركزية لشئون المستفيدين بتلقي معوقات المستفيدين الخاصة بالتسجيل والإصدار والعمل على حلها وإخطار المستفيدين بالحل خلال الوقت المحدد."
    },
    {
      "العنوان": "سياسة عمل وتقديم الإحصائيات",
      "الوصف": "تلتزم إدارة التسجيل والإصدار بفروع الهيئة بتسجيل إحصائيات تعكس نشاط الإدارة ويتم رفعها للإدارة العامة للتسجيل والإصدار بالإدارة المركزية لشئون المستفيدين بصورة دورية."
    },
    {
      "العنوان": "سياسة عمل مؤشرات الأداء",
      "الوصف": "تلتزم الإدارة العامة للتسجيل والإصدار التابعة للإدارة المركزية لشئون المستفيدين بإعداد مؤشرات الأداء شهريًا ونصف سنويًا وسنويًا."
    },
    {
      "العنوان": "سياسة ما قبل التسجيل",
      "الوصف": "تجهيز العديد من الأعمال التي تسهم في دقة وسلامة وسهولة التسجيل. إعداد قاعدة بيانات الأعداد والفئات المستهدفة طبقًا للمحافظات نطاق التطبيق وأماكن التسجيل والمستندات المطلوبة. تشمل الإجراءات: إعداد البيانات الأساسية. إعداد قاعدة البيانات الأساسية للهيئة. تحديد أماكن التسجيل والإعلان عنها وكذلك تحديد المستندات الأساسية اللازمة له."
    },
    {
      "العنوان": "سياسة تسجيل المستفيدين",
      "الوصف": "تسجيل وتوزيع المستفيدين وأسرهم على وحدات / مراكز طب الأسرة / أطباء الأسرة، وذلك طبقًا للتوزيع الجغرافي مع مراعاة القرب لمحل سكن الأسرة ورغبة المؤمن عليهم في حدود الطاقة الاستيعابية لمقدمي الخدمة. إجراء التعديلات الواجبة على بيانات الأسرة طبقًا للمستجدات الواردة بها. تشمل الإجراءات: إجراء عام لتسجيل المستفيدين إذا كانت مستندات المستفيدين مطابقة مع قاعدة بيانات تطبيق التأمين الصحي الشامل. إجراء عام لتسجيل المستفيدين إذا كانت مستندات المستفيدين غير مطابقة مع قاعدة بيانات تطبيق التأمين الصحي الشامل. تسجيل الأسرة. تسجيل طفل مولود. إيقاف تفعيل الوفيات من المعالين (أفراد الأسرة). تسجيل المستفيد بعد تغيير محل إقامته بين محافظتين داخل نطاق التطبيق. إيقاف حساب المستفيد بعد تغيير محل إقامته من محافظة داخل نطاق التطبيق إلى محافظة خارج نطاق التطبيق. تسجيل النزلاء (قاطني دور الرعاية - مجهولي النسب). تسجيل الأطفال المكفولين بنظام الأسر البديلة. انتفاع حالات المغتربين المؤمن عليهم بالمحافظة داخل التطبيق. تحويل المستفيد من فئة تأمينية إلى أخرى. تسجيل المنتفعين بقرار لجنة الغير قادرين. تسجيل الحالات المستحقة لأحد معاشات وزارة التضامن الاجتماعي. تسجيل الزوجة المصرية لزوج أجنبي. ضم الأبناء إلى الأم بعد طلاقها من الزوج. ضم الأبناء على الوصي عليهم بعد وفاة الأب أو الأبوين. تسجيل حالات مسيحيات منفصلات بدون طلاق. تسجيل أسر المجندين. تسجيل المستفيدين ممن ينتفعون بمعاشات القوات المسلحة. تسجيل حالات مهجوري العائل. تسجيل العاملين المقيمين هم وأسرهم بالخارج. تسجيل الأم والأبناء المقيمين في محافظة التطبيق والزوج (العائل) يعمل خارج جمهورية مصر العربية. تسجيل الأسرة المقيمة داخل محافظة التطبيق والزوج يعمل خارج محافظة التطبيق. تسجيل أسرة المسجون. ضم الأم أو الأب من كبار السن إلى الأبناء بناءً على رغبة الأبناء. التعامل مع الأجانب من المعالين في حال كان العائل مصري الجنسية. تسجيل الأسرة في حالة أن عنوان إقامة العائل بإحدى محافظات التطبيق وأسرته تقيم في محافظة خارج نطاق محافظات التطبيق. تسجيل الأسرة في حالة أن عنوان إقامة العائل بإحدى محافظات التطبيق وأسرته تقيم في محافظة تطبيق مختلفة عن العائل. تسجيل الأسرة في حالة أن عنوان إقامة العائل مع زوجة وأبناء بمحافظة تطبيق (أ) والزوجة الأخرى والأبناء بمحافظة تطبيق أخرى (ب). تسجيل الأسرة في حالة أن الزوج متزوج من زوجتين في نفس محافظة التطبيق ولكن محل السكن لكل زوجة يتبع وحدة طب أسرة مختلفة. تسجيل الأسرة في حالة أن عنوان إقامة العائل مع زوجة وأبناء بمحافظة تطبيق (أ) والزوجة الأخرى والأبناء بمحافظة (ب) خارج محافظة التطبيق."
    },
    {
      "العنوان": "سياسة تغيير وحدة الرعاية الأولية",
      "الوصف": "تحقيق رضاء المستفيد. إيجاد آلية سهلة يستطيع المستفيد من خلالها تغيير وحدة الرعاية الأولية التابع لها. تشمل الإجراءات: إجراء تغيير وحدة الرعاية الأولية التابع لها المستفيد."
    },
    {
      "العنوان": "سياسة التعامل مع معوقات التسجيل",
      "الوصف": "إيجاد آلية سهلة للمستفيدين لتقديم استفسارات عن معوقات التسجيل. تحليل معوقات تسجيل المستفيدين للوصول لأسبابها الجذرية. إيجاد حلول غير تقليدية لحل معوقات تسجيل المستفيدين. تشمل الإجراءات: إجراء التعامل مع معوقات تسجيل المستفيدين."
    },
    {
      "العنوان": "سياسة عمل وتقديم الإحصائيات",
      "الوصف": "إيجاد آلية سهلة وفعالة لتجميع البيانات (البيانات المطلوبة، ومن يقوم بجمع البيانات، مصدر البيانات). عمل إحصائيات تعكس نشاط الإدارة. تشمل الإجراءات: إجراء عمل وتقديم الإحصائيات."
    },
    {
      "العنوان": "سياسة عمل مؤشرات الأداء",
      "الوصف": "قياس أداء إدارات التسجيل والإصدار بالفروع عن طريق جمع البيانات وعمل المؤشرات وتحليلها لمعرفة الوضع الحالي للإدارات. اتخاذ القرارات التي من شأنها التحسين المستمر لأداء إدارات التسجيل والإصدار بالفروع. تشمل الإجراءات: إجراء عمل مؤشرات الأداء."
    },
    {
      "العنوان": "نطاق تطبيق سياسات التسجيل والإصدار",
      "الوصف": "إدارات التسجيل والإصدار بفروع الهيئة. منافذ الهيئة. الجهات الأخرى التي تفوضها الهيئة بشأن التسجيل (مكاتب البريد - منصة مصر الرقمية - ... إلخ)."
    },
    {
      "العنوان": "سياسة تغيير وحدة الرعاية الأولية",
      "الوصف": "تحقيق رضاء المستفيد. إيجاد آلية سهلة يستطيع المستفيد من خلالها تغيير وحدة الرعاية الأولية التابع لها. تشمل الإجراءات: إجراء تغيير وحدة الرعاية الأولية التابع لها المستفيد."
    },
    {
      "العنوان": "سياسة التعامل مع معوقات تسجيل المستفيدين",
      "الوصف": "إيجاد آلية سهلة للمستفيدين لتقديم استفسارات عن معوقات التسجيل. تحليل معوقات تسجيل المستفيدين للوصول لأسبابها الجذرية. إيجاد حلول غير تقليدية لحل معوقات تسجيل المستفيدين. تشمل الإجراءات: إجراء التعامل مع معوقات تسجيل المستفيدين."
    },
    {
      "العنوان": "سياسة عمل وتقديم الإحصائيات",
      "الوصف": "إيجاد آلية سهلة وفعالة لتجميع البيانات (البيانات المطلوبة، ومن يقوم بجمع البيانات، مصدر البيانات). عمل إحصائيات تعكس نشاط الإدارة. تشمل الإجراءات: إجراء عمل وتقديم الإحصائيات."
    },
    {
      "العنوان": "سياسة عمل مؤشرات الأداء",
      "الوصف": "قياس أداء إدارات التسجيل والإصدار بالفروع عن طريق جمع البيانات وعمل المؤشرات وتحليلها لمعرفة الوضع الحالي للإدارات. اتخاذ القرارات التي من شأنها التحسين المستمر لأداء إدارات التسجيل والإصدار بالفروع. تشمل الإجراءات: إجراء عمل مؤشرات الأداء."
    },
    {
      "العنوان": "ضوابط التعامل مع أي حالة جديدة لم ترد بالسياسات",
      "الوصف": "عرض الحالات الجديدة على الإدارة المركزية لشئون المستفيدين برئاسة الهيئة"
    },
    {
      "العنوان": "مهارات العمل بالإدارة",
      "الوصف": "دراية كاملة بقانون التأمين الصحي الشامل ولائحته التنفيذية. دراية كاملة بالقوانين الخاصة بالتأمينات الاجتماعية والقوانين ذات الصلة. القدرة على التواصل مع الجهات الخارجية والرقابية للحصول على كافة البيانات اللازمة لفحص أحقية الانتفاع (الهيئة القومية للتأمينات الاجتماعية - وزارة التضامن الاجتماعي - جهات أعمال). القدرة على فحص وحل معوقات المستفيدين دون الإضرار بحق المستفيد أو حق الهيئة. القدرة على إعداد التقارير المطلوبة بهذا الشأن."
    },
    {
      "العنوان": "مهام فرق العمل",
      "الوصف": "يلتزم أخصائي إدارة التسجيل والإصدار بتطبيق كافة المهام الموضحة بالجداول التالية وما يستجد بهذا الشأن فقط وال تضاف مهام وظيفية منوطة بإدارة مركزية أخرى إال بعد توجيهات مباشرة من الإدارة المركزية لشئون المستفيدين"
    },
    {
      "العنوان": "مهام الإدارة العامة للتسجيل والإصدار",
      "الوصف": "تختص الإدارة العامة للتسجيل والإصدار بعدد من المهام وتختص بالمتابعة الفنية والتهيئة والتدريب المستمر لأعمال التسجيل التي تتم من خلال أخصائي المنفذ القائم بأعمال التسجيل والإصدار وتقديم الدعم الفني ومتابعة معوقات التسجيل بالفروع وكذلك متابعة إحصائيات التسجيل بالفروع والمنافذ وتقديم تقرير شامل لما يتم من أعمال التسجيل بالفروع والمنافذ. وتشمل المهام: تهيئة أخصائي التسجيل والإصدار بمحافظات التطبيق الجديدة. التدريب المستمر لأخصائي التسجيل والإصدار بكافة محافظات التطبيق. متابعة تنفيذ آليات العمل لقياس مدى التنفيذ وفقًا لملف السياسات والإجراءات للتسجيل والإصدار. متابعة حل المشكلات الفنية مع الإدارات المعنية بالهيئة. عقد اجتماعات دورية والتواصل المباشر مع أخصائي التسجيل والإصدار في الفروع والمنافذ. متابعة معوقات التسجيل والإصدار وإيجاد حلول لتلك المعوقات. المشاركة باللجان الفنية / التقنية ذات الصلة بأعمال التسجيل والإصدار. مطابقة البيانات الموجودة بالملف الورقي مع البيانات المسجلة على المنظومة والاتساق مع ملف السياسات والإجراءات للتسجيل والإصدار من خلال عمل زيارات ميدانية لإدارات التسجيل والإصدار بالفروع ومنافذ الهيئة بوحدات الرعاية الأولية أو عن بعد. تصميم نماذج الاستمارات والمستندات المطلوبة للتسجيل. متابعة إصدار بطاقات التأمين الصحي الشامل. تحديد متطلبات العمل الفنية المطلوب ميكنتها طبقًا لملف السياسات والإجراءات. التواصل المستمر مع إدارة نظم المعلومات والتحول الرقمي والجهات المعنية بشأن تصميم المنظومة الإلكترونية. مراقبة جودة المنظومة الإلكترونية أثناء مراحل التشغيل. التواصل المستمر مع الفروع والمنافذ بشأن معوقات التسجيل التقنية / الفنية على المنظومة الإلكترونية. تحديد أساليب وطرق جمع البيانات المختلفة. حصر التقارير الأسبوعية والشهرية الواردة من الفروع. تصميم وإعداد التقارير الإحصائية والتفصيلية الدورية (شهرية - ربع سنوية - نصف سنوية - سنوية). استخدام الأساليب التقنية الحديثة في تحليل البيانات لدعم اتخاذ القرار. قياس مؤشرات الأداء وتحليلها لتحديد نقاط الضعف ثم وضع الخطط المناسبة لتحسين وتطوير الأداء. ما يستجد من أعمال وما يكلف به في نطاق الوظيفة."
    },
    {
      "العنوان": "مهام إدارة التسجيل والإصدار بفرع الهيئة",
      "الوصف": "تختص إدارة التسجيل والإصدار بعدد من المهام التي تتم من خلالها بفرع الهيئة بالمحافظة كما تختص بالمتابعة الفنية لأعمال التسجيل التي تتم من خلال أخصائي المنفذ القائم بأعمال التسجيل والإصدار وتقديم الدعم الفني كما تعني إدارة التسجيل والإصدار بكافة معوقات التسجيل بالفرع وكذلك متابعة إحصائيات التسجيل بالمنافذ وتقديم تقرير شامل لما يتم من أعمال التسجيل بالفرع. وتشمل المهام: التسجيل لأول مرة وإلغاء الانتفاع وفقًا للأسس واللوائح المنظمة. استلام مستندات التحديث ومراجعتها (ورقيًا من صالة الاستقبال) بالنسبة للوحدات التي ليس بها منافذ. تسجيل العاملين المغتربين والتأكد من أحقية انتفاعهم بالمنظومة. إصدار البطاقات وتشمل مراجعة المستندات الواردة قبل استخراج البطاقات. تسجيل المستفيدين الواردين من جهات أعمال خاصة أو حكومية والتي ترغب في التسجيل للعاملين لديها حيث أن الجهات يتم التعامل معها مركزيًا على مستوى الفرع وليس من أخصائي المنفذ. تسجيل قاطني دور الرعاية (أيتام - مجهولي النسب - دار الإيواء) ويتم من خلال التعاون بين مديرية التضامن الاجتماعي وإدارة التسجيل والإصدار. تحديث البيانات والتكوين الأسري واعتماد وتأكيد التحديث بعد مراجعة المستندات ومطابقتها مع التحديثات. المعوقات الخاصة بالتسجيل الواردة من المركز الرئيسي والمنافذ أو جهات تقديم المعوقات مع ضمان العدد الكافي لسرعة الرد. الإحصائيات الخاصة بأعمال التسجيل والتي تشمل إجمالي أعمال التسجيل بالفرع والمنافذ وغيرها من إحصائيات العمل. تقوم إدارة التسجيل والإصدار بحفظ ملفات تسجيل المستفيدين في الأرشيف طبقًا لمعايير الجودة والأسس السليمة للحفظ. إصدار الإفادة بالتغطية التأمينية للمستفيدين."
    },
    {
      "العنوان": "مهام أخصائي المنفذ",
      "الوصف": "المهام الأساسية لأخصائي المنفذ في إدارة التسجيل والإصدار. وتشمل المهام: استلام مستندات التحديث ومراجعتها (ورقيًا من صالة الاستقبال). تسجيل وتحديث البيانات على تطبيق التأمين الصحي الشامل. تلقي استفسارات التسجيل من المستفيدين المقيدين على الوحدة والإبلاغ عن المعوقات إلى إدارة التسجيل والإصدار بالفرع. إلغاء الانتفاع وفقًا للقوانين واللوائح المنظمة. عمل التقارير الخاصة بأعمال المنفذ. تسليم الإفادات بالتغطية التأمينية للمستفيدين."
    }
  ]
}